id,name,name_ja,name_en,location,location_ja,location_en,image_url,image_source_url,image_license,image_credit,image_note,plan_url,section_url,concept,concept_ja,concept_en,keywords,keywords_ja,keywords_en,source_url,year,architect,status
CASE-001,Share Kanazawa,Share Kanazawa,Share Kanazawa,Kanazawa Japan,金沢 日本,Kanazawa Japan,/images/graduation/case-placeholder.svg,,,,Image review 2026-07-04: Commons and Openverse found Kanazawa city images only; no exact Share Kanazawa reusable image confirmed.,,,以福利、居住和社区活动混合，弱化机构感并鼓励日常交流。,「Share Kanazawa」は、福祉・共生・コミュニティ・ケアの関係を読み取る参考事例。用途の複合、運営、居場所のつくり方を卒業設計に転用して考えられる。,"Share Kanazawa is a reference case for reading Design topic: 福利, inclusive living, community, care. It can inform thesis thinking about mixed programs, operation, and place-making.",福利|共生|社区|照护|共食|生活支持|高龄,福祉|共生|コミュニティ|ケア|共食|生活支援|高齢,Design topic: 福利|inclusive living|community|care|shared meals|Design topic: 生活支持|aging,https://www.goi.co.jp/building/share_kanazawa/,2014,GOI Architecture & Associates,draft
CASE-002,Kamikatsu Zero Waste Center,Kamikatsu Zero Waste Center,Kamikatsu Zero Waste Center,Kamikatsu Japan,Kamikatsu 日本,Kamikatsu Japan,/images/graduation/cases/case-002-kamikatsu-zero-waste-center.jpeg,https://commons.wikimedia.org/wiki/File:Kamikatsucho-zero-waste-center.jpeg,CC0,Wikimedia Commons,,,,把垃圾分类、教育、住宿和社区交流组织成可被公众理解的循环设施。,ごみ分別、環境教育、滞在、地域食を一つの場所で見せる施設。循環の仕組みを隠さず、地域活動として体験できる点が参考になる。,"Kamikatsu Zero Waste Center is a reference case for reading Design topic: 环境, community, reuse, local food. It can inform thesis thinking about mixed programs, operation, and place-making.",环境|社区|再利用|地域食|食育,環境|コミュニティ|再利用|地域食|食育,Design topic: 环境|community|reuse|local food|food education,https://www.nakam.info/en/works/kamikatsu0/,2020,Hiroshi Nakamura & NAP,published
CASE-003,ROKI Global Innovation Center  ROOG,ROKI Global Innovation Center ROOG,ROKI Global Innovation Center  ROOG,Hamamatsu Japan,Hamamatsu 日本,Hamamatsu Japan,/images/graduation/case-placeholder.svg,,,,Image review 2026-07-04: official and JIAC media found but no reusable license confirmed; Commons and Openverse found no exact image.,,,以连续屋顶和开放工作环境塑造交流、研究和休息混合的工作场。,連続する大屋根の下に研究、休憩、交流を置くワークプレイス。働く場所を閉じたオフィスではなく、偶然の出会いを生む環境として読める。,"ROKI Global Innovation Center  ROOG is a reference case for reading Design topic: 工作, exchange, roof. It can inform thesis thinking about mixed programs, operation, and place-making.",工作|交流|屋顶,研究開発|交流|大屋根|ワークプレイス|共創,Design topic: 工作|exchange|roof,https://tk-a.jp/en/projects/roki,2013,Tetsuo Kobori Architects,draft
CASE-004,Naoshima Honmura Lounge and Archive,Naoshima Honmura Lounge and Archive,Naoshima Honmura Lounge and Archive,Naoshima Japan,Naoshima 日本,Naoshima Japan,/images/graduation/case-placeholder.svg,,,,Image review 2026-07-04: Openverse found exact Honmura Lounge photos but only NC or NC-ND licenses; placeholder retained.,,,以小尺度公共客厅和档案功能支撑艺术岛居民与访客的交汇。,「Naoshima Honmura Lounge and Archive」は、アーカイブ・地域・交流・観光の関係を読み取る参考事例。用途の複合、運営、居場所のつくり方を卒業設計に転用して考えられる。,"Naoshima Honmura Lounge and Archive is a reference case for reading Design topic: 档案, local, exchange, tourism. It can inform thesis thinking about mixed programs, operation, and place-making.",档案|地方|交流|观光|居民生活,アーカイブ|地域|交流|観光|住民生活,Design topic: 档案|local|exchange|tourism|Design topic: resident生活,https://benesse-artsite.jp/en/art/arthouse.html,,Ryue Nishizawa,draft
CASE-005,3331 Arts Chiyoda,3331 Arts Chiyoda,3331 Arts Chiyoda,Tokyo Japan,東京 日本,Tokyo Japan,/images/graduation/cases/case-005-3331-arts-chiyoda.jpg,https://commons.wikimedia.org/wiki/File:3331_Arts_Chiyoda.JPG,CC0,Ootahara / Wikimedia Commons,,,,由旧学校改造为艺术、展览和社区活动复合空间，保留教育建筑记忆。,旧学校の教室や廊下を、展示、制作、市民活動の小さな単位へ転用した事例。既存建物の記憶を残しながら地域へ開く方法を読める。,"3331 Arts Chiyoda is a reference case for reading Design topic: 废校, art, community, reuse. It can inform thesis thinking about mixed programs, operation, and place-making.",废校|艺术|社区|再利用|创作,廃校|アート|コミュニティ|再利用|創作,Design topic: 废校|art|community|reuse|creative production,https://www.3331.jp/en/,2010,,published
CASE-006,Fuji Kindergarten,Fuji Kindergarten,Fuji Kindergarten,Tokyo Japan,東京 日本,Tokyo Japan,/images/graduation/case-placeholder.svg,,,,Image review 2026-07-04: Openverse found exact Fuji Kindergarten photos but only NC-ND licenses; official media has no reusable license confirmed.,,,环形屋顶把奔跑、观察和学习变成日常空间体验。,「Fuji Kindergarten」は、子ども・教育・屋根・学習の関係を読み取る参考事例。用途の複合、運営、居場所のつくり方を卒業設計に転用して考えられる。,"Fuji Kindergarten is a reference case for reading children, education, roof, learning. It can inform thesis thinking about mixed programs, operation, and place-making.",儿童|教育|屋顶|学习|生活支持,子ども|教育|屋根|学習|生活支援,children|education|roof|learning|Design topic: 生活支持,https://www.tezuka-arch.com/english/works/education/fujiyochien/,2007,Tezuka Architects,draft
CASE-007,Sendai Mediatheque,Sendai Mediatheque,Sendai Mediatheque,Sendai Japan,Sendai 日本,Sendai Japan,/images/graduation/cases/case-007-sendai-mediatheque.jpg,https://commons.wikimedia.org/wiki/File:SendaiMediatheque.jpg,CC BY-SA 3.0,Atsi Otani / Wikimedia Commons,,,,以开放楼板和管状结构承载图书馆、展览与市民活动的多层公共性。,図書館、ギャラリー、メディア機能を一つの公共建築に重ねた事例。用途を固定せず、市民が多様に使える空間構成を比較できる。,"Sendai Mediatheque is a reference case for reading library, Design topic: 媒体, publicness, learning. It can inform thesis thinking about mixed programs, operation, and place-making.",图书馆|媒体|公共性|学习|第三空间,図書館|メディア|公共性|学習|第三空間,library|Design topic: 媒体|publicness|learning|third place,https://www.smt.jp/,2001,Toyo Ito,published
CASE-008,Onagawa Station and Yupo'po,Onagawa Station and Yupo'po,Onagawa Station and Yupo'po,Onagawa Japan,Onagawa 日本,Onagawa Japan,/images/graduation/cases/case-008-onagawa-station-yupopo.jpg,https://commons.wikimedia.org/wiki/File:JR_East_Onagawa_Station_building%2C_Miyagi_Pref_20240420.jpg,CC BY-SA 4.0,Photo: Mister0124 / Wikimedia Commons,Source-safe image review 2026-07-04: exact exterior image confirmed through Wikimedia Commons metadata.,,,车站与温浴设施复合，成为灾后城镇重建中的公共客厅。,駅、温浴、地域交流を復興後の生活動線に組み込んだ事例。移動の場所を待つだけの空間ではなく、滞在と再会の場へ変えている。,"Onagawa Station and Yupo'po is a reference case for reading station, Design topic: 温浴, Design topic: 复兴, transport. It can inform thesis thinking about mixed programs, operation, and place-making.",车站|温浴|复兴|交通|夜间安全|步行,駅|温浴|復興|交通|夜間安全|歩行,station|Design topic: 温浴|Design topic: 复兴|transport|nightsafety|Design topic: 步行,https://shigerubanarchitects.com/works/cultural/onagawa-station/,2015,Shigeru Ban,published
CASE-009,Taipei New Immigrants Hall,Taipei New Immigrants Hall,Taipei New Immigrants Hall,Taipei Taiwan,Taipei Taiwan,Taipei Taiwan,/images/graduation/cases/case-009-wanhua-new-immigrants-hall.jpg,https://commons.wikimedia.org/wiki/File:Wanhua_New_Immigrants%27_Hall_20181117.jpg,CC BY-SA 4.0,Photo: Solomon203 / Wikimedia Commons,Image review 2026-07-04: accepted exact Wanhua New Immigrants Hall image via Wikimedia Commons CC BY-SA 4.0.,,,以多文化服务、语言学习、咨询和场地借用支持新住民与地方居民的日常接触。,多文化支援、相談、交流をまとめた公共施設。外国人住民が制度や地域につながる入口を、建築としてどう低くできるかを考えられる。,"Taipei New Immigrants Hall is a reference case for reading multicultural, community, consultation, inclusive living. It can inform thesis thinking about mixed programs, operation, and place-making.",多文化|社区|咨询|共生,多文化|コミュニティ|相談|共生,multicultural|community|consultation|inclusive living,https://nit.taipei/Content_List.aspx?n=9A7B4A84568D136C,,,published
CASE-010,Kamiyama Valley Satellite Office Complex,Kamiyama Valley Satellite Office Complex,Kamiyama Valley Satellite Office Complex,Kamiyama Japan,Kamiyama 日本,Kamiyama Japan,/images/graduation/case-placeholder.svg,,,,Image review 2026-07-04: Commons and Openverse found no exact reusable image; official and Kamiyama media license not confirmed.,,,利用地方存量空间支持远程办公、交流和地方创业。,地方の空き家や既存建物を、サテライトオフィスと地域交流の拠点へ変える事例。仕事を通じて地域に滞在する仕組みを比較できる。,"Kamiyama Valley Satellite Office Complex is a reference case for reading local revitalization, Design topic: 办公, reuse, vacant house. It can inform thesis thinking about mixed programs, operation, and place-making.",地方创生|办公|再利用|空屋|短住,地域創生|サテライトオフィス|再利用|空き家|短期滞在,local revitalization|Design topic: 办公|reuse|vacant house|Design topic: 短住,https://www.kosukebando.com/works/kamiyama-valley-satellite-office-complex/,2012,"Kosuke Bando, Issei Suma, Satoru Ito, Hiroshi Kashihara / BUS",draft
CASE-011,Toyama-style Day Care Service Centers,Toyama-style Day Care Service Centers,Toyama-style Day Care Service Centers,Toyama Japan,Toyama 日本,Toyama Japan,/images/graduation/case-placeholder.svg,,,,Source review 2026-07-04: source replaced with Toyama Prefecture explanation; service-space model with no exact reusable building image confirmed.,,,以民家改修的小规模家庭式空间承载高龄者、障碍者和儿童共同使用的日间照护与地域交流。,「Toyama-style Day Care Service Centers」は、ケア・日常・小規模・家庭の関係を読み取る参考事例。用途の複合、運営、居場所のつくり方を卒業設計に転用して考えられる。,"Toyama-style Day Care Service Centers is a reference case for reading care, Design topic: 日常, Design topic: 小尺度, Design topic: 家庭. It can inform thesis thinking about mixed programs, operation, and place-making.",照护|日常|小尺度|家庭|地域共生,ケア|日常|小規模|家庭|地域共生,care|Design topic: 日常|Design topic: 小尺度|Design topic: 家庭|Design topic: 地域inclusive living,https://www.pref.toyama.jp/1200/chiikikyosei/toyamagata/toyamagata2.html,1993,,draft
CASE-012,Housing Complex Regeneration UR,Housing Complex Regeneration UR,Housing Complex Regeneration UR,Japan,日本,Japan,/images/graduation/cases/case-012-ur-akabanedai-danchi.jpg,https://commons.wikimedia.org/wiki/File:UR_Akabanedai_danchi_tdr.jpg,CC BY-SA 4.0,Tokyo Danchi / Wikimedia Commons,"Representative image for UR/danchi regeneration, not a project-specific official photo.",,,通过底层服务、开放空间和住户活动重组老旧团地的公共生活。,団地再生を住戸改修だけでなく、共用部、サービス、世代交流の再編として捉える参考事例。既存住民の生活を支えながら更新する視点がある。,"Housing Complex Regeneration UR is a reference case for reading Design topic: 团地, regeneration, service, Design topic: 代际. It can inform thesis thinking about mixed programs, operation, and place-making.",团地|再生|服务|代际|住宅再生,団地|再生|サービス|多世代|住宅再生,Design topic: 团地|regeneration|service|Design topic: 代际|Design topic: 住宅regeneration,https://note.ur-net.go.jp/n/n232ec2b13763?hl=en,,,published
CASE-013,Kaze no Machi Miyabira,Kaze no Machi Miyabira,Kaze no Machi Miyabira,Shobara Japan,Shobara 日本,Shobara Japan,/images/graduation/case-placeholder.svg,,,,Image review 2026-07-04: Commons and Openverse found no exact reusable project image; official media license not confirmed.,,,以医疗、照护和生活支援复合，探索地域照护的空间组织。,「Kaze no Machi Miyabira」は、医療・ケア・地域・高齢の関係を読み取る参考事例。用途の複合、運営、居場所のつくり方を卒業設計に転用して考えられる。,"Kaze no Machi Miyabira is a reference case for reading healthcare, care, Design topic: 地域, aging. It can inform thesis thinking about mixed programs, operation, and place-making.",医疗|照护|地域|高龄|喘息服务,医療|ケア|地域|高齢|呼吸器ケア,healthcare|care|Design topic: 地域|aging|Design topic: 喘息service,https://c-and-a.co.jp/en/projects/kaze-no-machi-miyabira/,2014,CAn Susumu Uno Yasuharu Rachi,draft
CASE-014,Sumida River Terrace,Sumida River Terrace,Sumida River Terrace,Tokyo Japan,東京 日本,Tokyo Japan,/images/graduation/cases/case-014-sumida-river-terrace.jpg,https://commons.wikimedia.org/wiki/File:Sumidagawa-River08080801.jpg,CC BY-SA 3.0,e97h0017 / Wikimedia Commons,,,,将城市水边转化为可步行、休憩和活动的连续公共空间。,川沿いの歩行、休憩、眺望を日常の公共空間として連続させる事例。水辺を観光資源だけでなく、都市生活の基盤として読める。,"Sumida River Terrace is a reference case for reading waterfront, Design topic: 步行, publicspace, Design topic: 避暑. It can inform thesis thinking about mixed programs, operation, and place-making.",水边|步行|公共空间|避暑|观光,水辺|歩行|公共空間|避暑|観光,waterfront|Design topic: 步行|publicspace|Design topic: 避暑|tourism,https://www.tokyoupdates.metro.tokyo.lg.jp/en/post-1729/,,,published
CASE-015,Minamisanriku 311 Memorial,Minamisanriku 311 Memorial,Minamisanriku 311 Memorial,Miyagi Japan,Miyagi 日本,Miyagi Japan,/images/graduation/cases/case-015-minamisanriku-311-memorial.jpg,https://commons.wikimedia.org/wiki/File:Minamisanriku_311_Memorial.jpg,CC BY-SA 3.0,Yasu,Wikimedia Commons verified cover,,,灾后公共设施把记忆、避难、交流和地区复兴放在同一空间框架内。,震災の記憶、学習、地域の再出発を公共施設として受け止める事例。防災を非常時だけでなく、日常の理解へつなげる参考になる。,"Minamisanriku 311 Memorial is a reference case for reading disaster prevention, Design topic: 复兴, publicfacility, Design topic: 平灾结合. It can inform thesis thinking about mixed programs, operation, and place-making.",防灾|复兴|公共设施|平灾结合|避难,防災|復興|公共施設|平時利用と災害対応|避難,disaster prevention|Design topic: 复兴|publicfacility|Design topic: 平灾结合|evacuation,https://kkaa.co.jp/en/project/minamisanriku-311-memorial/,2022,Kengo Kuma and Associates,published
CASE-016,ACROS Fukuoka,ACROS Fukuoka,ACROS Fukuoka,Fukuoka Japan,Fukuoka 日本,Fukuoka Japan,/images/graduation/cases/case-016-acros-fukuoka.jpg,https://commons.wikimedia.org/wiki/File:ACROS_Fukuoka_2011.jpg,CC BY-SA 2.0,Kenta Mabuchi / Wikimedia Commons,,,,以阶梯绿化连接城市、生态和公共活动，形成可进入的城市山体。,都市の中心部で建築と緑化を一体化し、環境性能と公共利用を重ねた事例。暑熱、生態、休憩を立体的に扱う参考になる。,"ACROS Fukuoka is a reference case for reading Design topic: 生态, Design topic: 绿化, Design topic: public建筑, Design topic: 热岛. It can inform thesis thinking about mixed programs, operation, and place-making.",生态|绿化|公共建筑|热岛|避暑,生態|緑化|公共建築|ヒートアイランド|避暑,Design topic: 生态|Design topic: 绿化|Design topic: public建筑|Design topic: 热岛|Design topic: 避暑,https://www.acros.or.jp/,1995,Emilio Ambasz,published
CASE-017,Yokohama Hammerhead,Yokohama Hammerhead,Yokohama Hammerhead,Yokohama Japan,横浜 日本,Yokohama Japan,/images/graduation/cases/case-017-yokohama-hammerhead.jpg,https://commons.wikimedia.org/wiki/File:YOKOHAMA_HAMMERHEAD_-_Hammerhead_Park_n02.jpg,CC BY-SA 4.0,NEO-NEED / Wikimedia Commons,,,,将港湾、商业、生产展示和旅客功能组织为开放的临水复合体。,港湾の生産展示、商業、滞在を一体化した複合施設。旧工業地や港湾部を、作る場所と見せる場所として再編集する手がかりになる。,"Yokohama Hammerhead is a reference case for reading harbor, Design topic: 生产exhibition, Design topic: 商业, Design topic: 旧工业地. It can inform thesis thinking about mixed programs, operation, and place-making.",港湾|生产展示|商业|旧工业地|产业再生,港湾岸|生産展示|商業|旧工業地|産業再生,harbor|Design topic: 生产exhibition|Design topic: 商业|Design topic: 旧工业地|industryregeneration,https://www.hammerhead.co.jp/,,,published
CASE-018,Kanazawa Umimirai Library,Kanazawa Umimirai Library,Kanazawa Umimirai Library,Kanazawa Japan,金沢 日本,Kanazawa Japan,/images/graduation/cases/case-018-kanazawa-umimirai-library.jpg,https://commons.wikimedia.org/wiki/File:Kanazawa_Umimirai_Library_exterior_ac_(4).jpg,CC BY-SA 4.0,Asturio Cantabrio / Wikimedia Commons,Verified 2026-07-12: Commons metadata names Kanazawa Umimirai Library and matches Asturio Cantabrio / CC BY-SA 4.0; the perforated white facade matches the official municipal architecture guide.,,,以均质光孔和大空间提供安静、开放的城市学习环境。,自然光に包まれた大きな閲覧空間を持つ公共図書館。静かな学習と地域の開放性を両立する空間密度を比較できる。,"Kanazawa Umimirai Library is a reference case for reading library, Design topic: 光, learning, publicness. It can inform thesis thinking about mixed programs, operation, and place-making.",图书馆|光|学习|公共性|第三空间,図書館|光|学習|公共性|第三空間,library|Design topic: 光|learning|publicness|third place,https://www.lib.kanazawa.ishikawa.jp/umimirai/outline/architectural-information,2011,Coelacanth K&H,published
CASE-019,Kokubunji Cocobunji Plaza,Kokubunji Cocobunji Plaza,Kokubunji Cocobunji Plaza,Tokyo Japan,東京 日本,Tokyo Japan,/images/graduation/cases/case-019-kokubunji-city-hall.jpg,https://commons.wikimedia.org/wiki/File:Kokubunji_City_Hall.jpg,CC BY-SA 3.0,Hykw-a4 / Wikimedia Commons,Representative Kokubunji civic image; Cocobunji Plaza source remains the official facility page.,,,车站上部公共设施集合活动、咨询和市民交流，强化交通节点公共性。,駅前に市民活動、相談、公共サービスをまとめた複合拠点。生活の用事と地域参加が近接する公共施設として読める。,"Kokubunji Cocobunji Plaza is a reference case for reading station, citizenactivity, consultation, public service. It can inform thesis thinking about mixed programs, operation, and place-making.",车站|市民活动|咨询|公共服务|第三空间|生活支持|公共性,駅|市民活動|相談|公共サービス|第三空間|生活支援|公共性,station|citizenactivity|consultation|public service|third place|Design topic: 生活支持|publicness,https://www.city.kokubunji.tokyo.jp/shisetsu/shikanren/hall/1017572.html,,,published
CASE-020,Michi-no-Eki Community Hub,Michi-no-Eki Community Hub,Michi-no-Eki Community Hub,Japan,日本,Japan,/images/graduation/cases/case-020-michi-no-eki-oguni.jpg,https://commons.wikimedia.org/wiki/File:Michi_no_eki_Oguni.jpg,CC BY-SA 3.0,STA3816 / Wikimedia Commons,Representative image for the Michi-no-Eki typology.,,,道之驿常把交通休息、地方销售、灾时支援和观光信息结合。,交通、地域食、観光案内、防災を受け止める道の駅型の地域拠点。移動の途中に生活サービスを重ねる考え方を比較できる。,"Michi-no-Eki Community Hub is a reference case for reading transport, local, disaster prevention, local food. It can inform thesis thinking about mixed programs, operation, and place-making.",交通|地方|防灾|地域食|移动服务|观光|交通弱化,交通|地域|防災|地域食|移動サービス|観光|交通弱化,transport|local|disaster prevention|local food|mobilityservice|tourism|Design topic: transport弱化,https://www.mlit.go.jp/road/Michi-no-Eki/,,,published
CASE-021,Toyama Kirari,Toyama Kirari,Toyama Kirari,Toyama Japan,Toyama 日本,Toyama Japan,/images/graduation/cases/case-021-toyama-kirari.jpg,https://commons.wikimedia.org/wiki/File:TOYAMA_KIRARI_exterior_in_the_morning_ac_(3).jpg,CC BY-SA 4.0,Asturio Cantabrio / Wikimedia Commons,,,,图书馆、美术馆、银行与商业界面复合，形成城市中心的文化公共节点。,図書館、美術館、交流空間を都市中心部で重ねた複合公共建築。学習と文化利用が上下に連続する構成を比較できる。,"Toyama Kirari is a reference case for reading library, art museum, Design topic: 复合public建筑, urbancenter. It can inform thesis thinking about mixed programs, operation, and place-making.",图书馆|美术馆|复合公共建筑|城市中心|学习,図書館|美術館|複合公共建築|都市中心部|学習,library|art museum|Design topic: 复合public建筑|urbancenter|learning,https://kkaa.co.jp/en/project/toyama-kirari/,2015,Kengo Kuma and Associates,published
CASE-022,Minna no Mori Gifu Media Cosmos,Minna no Mori Gifu Media Cosmos,Minna no Mori Gifu Media Cosmos,Gifu Japan,Gifu 日本,Gifu Japan,/images/graduation/cases/case-022-minna-no-mori-gifu-media-cosmos.jpg,https://commons.wikimedia.org/wiki/File:Gifu_Media_Cosmos_exterior_ac_(1).jpg,CC BY-SA 4.0,Asturio Cantabrio / Wikimedia Commons,,,,图书馆、市民活动、多文化交流和展示功能并置，形成面向日常停留的市民平台。,図書館と市民活動を大きな屋根の下にまとめた公共施設。多文化利用、学習、交流を同時に受け止める開放性を読める。,"Minna no Mori Gifu Media Cosmos is a reference case for reading library, citizenactivity, multicultural, learning. It can inform thesis thinking about mixed programs, operation, and place-making.",图书馆|市民活动|多文化|学习|公共性,図書館|市民活動|多文化|学習|公共性,library|citizenactivity|multicultural|learning|publicness,https://www.toyo-ito.co.jp/WWW/Project_Descript/2015-/2015-p_02/2015-p_02_j.html,2015,Toyo Ito and Associates,published
CASE-023,Nakanoshima Children's Book Forest,Nakanoshima Children's Book Forest,Nakanoshima Children's Book Forest,Osaka Japan,大阪 日本,Osaka Japan,/images/graduation/cases/case-023-nakanoshima-children-s-book-forest.jpg,https://commons.wikimedia.org/wiki/File:Nakanoshima_Children%60s_Book_Forest.jpg,CC BY-SA 4.0,KishujiRapid / Wikimedia Commons,,,,把儿童阅读、河岸步行和城市文化记忆结合，形成可自由探索的书之公共空间。,子どもが本と出会う体験を、水辺の都市環境と結びつけた図書施設。学習を管理ではなく発見として設計する参考になる。,"Nakanoshima Children's Book Forest is a reference case for reading children, library, waterfront, learning. It can inform thesis thinking about mixed programs, operation, and place-making.",儿童|图书馆|水边|学习|文化,子ども|図書館|水辺|学習|文化,children|library|waterfront|learning|culture,https://kodomohonnomori.osaka/,2020,Tadao Ando Architect & Associates,published
CASE-024,AU Childcare Support,AU Childcare Support,AU Childcare Support,Sasebo Japan,Sasebo 日本,Sasebo Japan,/images/graduation/case-placeholder.svg,,,,Image review 2026-07-04: Commons and Openverse found no exact reusable project image; official media license not confirmed.,,,亲子、保护者和地域居民可低门槛进入，育儿咨询与交流被组织成日常场景。,「AU Childcare Support」は、子育て・親子・相談・コミュニティの関係を読み取る参考事例。用途の複合、運営、居場所のつくり方を卒業設計に転用して考えられる。,"AU Childcare Support is a reference case for reading childcare, Design topic: 亲子, consultation, community. It can inform thesis thinking about mixed programs, operation, and place-making.",育儿|亲子|咨询|社区|家庭支持,子育て|親子|相談|コミュニティ|家庭支援,childcare|Design topic: 亲子|consultation|community|Design topic: 家庭支持,https://e-ensha.com/en-au-childcare-support/,,HIBINOSEKKEI + Youji no Shiro,draft
CASE-025,IRH Child Development Support,IRH Child Development Support,IRH Child Development Support,Japan,日本,Japan,/images/graduation/case-placeholder.svg,,,,Image review 2026-07-04: Commons and Openverse found no exact reusable image; ArchDaily and official media license not confirmed.,,,儿童发展支援与育儿支援并置，街道侧开放空间降低了照护设施的心理门槛。,「IRH Child Development Support」は、子ども発達・子育て・ケア・街路との接点の関係を読み取る参考事例。用途の複合、運営、居場所のつくり方を卒業設計に転用して考えられる。,"IRH Child Development Support is a reference case for reading Design topic: children发展, childcare, care, Design topic: 街道界面. It can inform thesis thinking about mixed programs, operation, and place-making.",儿童发展|育儿|照护|街道界面|共生,子ども発達|子育て|ケア|街路との接点|共生,Design topic: children发展|childcare|care|Design topic: 街道界面|inclusive living,https://e-ensha.com/en-irh-child-development-support/,,HIBINOSEKKEI + Youji no Shiro,draft
CASE-026,Yoridoko Employment Support Center,Yoridoko Employment Support Center,Yoridoko Employment Support Center,Japan,日本,Japan,/images/graduation/case-placeholder.svg,,,,,,,旧服装店改造为面向生存困难青年和障碍者的就业支援据点，并向商店街打开。,「Yoridoko Employment Support Center」は、障害・就労支援・商店街・再利用の関係を読み取る参考事例。用途の複合、運営、居場所のつくり方を卒業設計に転用して考えられる。,"Yoridoko Employment Support Center is a reference case for reading Design topic: 障碍, Design topic: employment支持, Design topic: 商店街, reuse. It can inform thesis thinking about mixed programs, operation, and place-making.",障碍|就业支持|商店街|再利用|共生,障害|就労支援|商店街|再利用|共生,Design topic: 障碍|Design topic: employment支持|Design topic: 商店街|reuse|inclusive living,https://www.td-ms.com/works/yoridoko/index.html#work,,TD atelier,draft
CASE-027,Yusuhara Community Library Yururi Yusuhara,Yusuhara Community Library Yururi Yusuhara,Yusuhara Community Library Yururi Yusuhara,Yusuhara Japan,Yusuhara 日本,Yusuhara Japan,/images/graduation/cases/case-027-yusuhara-community-library.jpg,https://commons.wikimedia.org/wiki/File:%E3%82%86%E3%81%99%E3%81%AF%E3%82%89%E9%9B%B2%E3%81%AE%E4%B8%8A%E3%81%AE%E5%9B%B3%E6%9B%B8%E9%A4%A8%EF%BC%88%E6%A2%BC%E5%8E%9F%E7%94%BA%E7%AB%8B%E5%9B%B3%E6%9B%B8%E9%A4%A8%EF%BC%89_02.jpg,CC0,Asset utilitist / Wikimedia Commons,Replaced 2026-07-12: the previous correct but sideways entrance image was not suitable as a cover. This CC0 interior clearly shows the library's distinctive cedar structure and matches the official architect description; Commons identity and author were rechecked.,,,图书馆与福祉设施相邻，以地方木材和可停留空间支持山村的多代交流。,図書館、福祉、地域木材の空間を重ねた地域拠点。高齢者、子ども、観光客が同じ場所に滞在できる多世代の公共性を読める。,"Yusuhara Community Library Yururi Yusuhara is a reference case for reading library, Design topic: 福祉, Design topic: local木材, Design topic: 多代exchange. It can inform thesis thinking about mixed programs, operation, and place-making.",图书馆|福祉|地方木材|多代交流|高龄,図書館|福祉|地域木材|多世代交流|高齢,library|Design topic: 福祉|Design topic: local木材|Design topic: 多代exchange|aging,https://kkaa.co.jp/en/project/yusuhara-community-library-yururi-yusuhara/,2018,Kengo Kuma and Associates,published
CASE-028,Shiroiya Hotel,Shiroiya Hotel,Shiroiya Hotel,Maebashi Japan,Maebashi 日本,Maebashi Japan,/images/graduation/cases/case-028-shiroiya-hotel.jpg,https://commons.wikimedia.org/wiki/File:Shiroiya_Hotel.jpg,CC BY 4.0,こやまひろ,Wikimedia Commons verified cover,,,旧旅馆再生为住宿、艺术和半公共活动场，成为地方中心街区更新的触媒。,既存建物、宿泊、アート、街の回遊を組み合わせた中心市街地再生の事例。空き建物を滞在体験へ変える方法を比較できる。,"Shiroiya Hotel is a reference case for reading localregeneration, Design topic: 住宿, art, Design topic: center市街地. It can inform thesis thinking about mixed programs, operation, and place-making.",地方再生|住宿|艺术|中心市街地|再利用,地域再生|宿泊|アート|中心市街地|再利用,localregeneration|Design topic: 住宿|art|Design topic: center市街地|reuse,https://www.shiroiya.com/en/stories/soufujimoto/,2020,Sou Fujimoto Architects,published
CASE-029,Musashino Place,Musashino Place,Musashino Place,Tokyo Japan,東京 日本,Tokyo Japan,/images/graduation/cases/case-029-musashino-place.jpg,https://commons.wikimedia.org/wiki/File:Musashino_Place_exterior_ac_(1).jpg,CC BY-SA 4.0,Asturio Cantabrio,Wikimedia Commons verified cover,,,图书馆、市民活动、生涯学习和青少年活动整合，提供非商业的城市停留场所。,図書館、青少年活動、市民交流を駅前で重ねた第三の居場所。学校や家庭以外の学びと滞在を支える構成を比較できる。,"Musashino Place is a reference case for reading library, Design topic: 青少年, citizenactivity, third place. It can inform thesis thinking about mixed programs, operation, and place-making.",图书馆|青少年|市民活动|第三空间|学习,図書館|青少年|市民活動|第三の居場所|学習,library|Design topic: 青少年|citizenactivity|third place|learning,https://www.musashino.or.jp/place/,2011,kw+hg architects,published
CASE-030,Mabi Reconstruction Disaster Prevention Park Bamboo Gate,Mabi Reconstruction Disaster Prevention Park Bamboo Gate,Mabi Reconstruction Disaster Prevention Park Bamboo Gate,Kurashiki Japan,Kurashiki 日本,Kurashiki Japan,/images/graduation/case-placeholder.svg,,,,Image review 2026-07-04: KKAA and article media found but no reusable license confirmed; Commons and Openverse found no exact image.,,,社区设施与防灾备蓄仓库通过竹构大屋檐连接，回应灾后重建与日常交流。,復興公園の中に防災、記憶、地域活動を受け止める場を置いた事例。平常時の利用と災害時の切り替えを考えられる。,"Mabi Reconstruction Disaster Prevention Park Bamboo Gate is a reference case for reading disaster prevention, Design topic: post-disaster复兴, communityfacility, Design topic: 竹. It can inform thesis thinking about mixed programs, operation, and place-making.",防灾|灾后复兴|社区设施|竹|平灾结合,防災|災後復興|コミュニティ施設|竹|平時利用と災害対応,disaster prevention|Design topic: post-disaster复兴|communityfacility|Design topic: 竹|Design topic: 平灾结合,https://kkaa.co.jp/en/project/mabi-reconstruction-disaster-prevention-park-bamboo-gate/,2024,Kengo Kuma and Associates,draft
CASE-031,The Tokyo Toilet,The Tokyo Toilet,The Tokyo Toilet,Tokyo Japan,東京 日本,Tokyo Japan,/images/graduation/cases/case-031-the-tokyo-toilet.jpg,https://commons.wikimedia.org/wiki/File:Tokyo_Toilet_Project_04.jpg,CC BY-SA 4.0,Mr.Asylum,Wikimedia Commons verified cover,,,17处公共厕所通过建筑和维护改善安全、卫生、无障碍和城市步行体验。,公共トイレを街の小さな建築として更新するプロジェクト。安全、可視性、バリアフリー、デザインの関係を比較できる。,"The Tokyo Toilet is a reference case for reading public toilet, safety, Design topic: 无障碍, park. It can inform thesis thinking about mixed programs, operation, and place-making.",公共厕所|安全|无障碍|公园|步行,公共トイレ|安全|バリアフリー|公園|歩行,public toilet|safety|Design topic: 无障碍|park|Design topic: 步行,https://tokyotoilet.jp/en/,2023,Multiple architects and designers,published
CASE-032,Paper Partition System East Japan Earthquake,Paper Partition System East Japan Earthquake,Paper Partition System East Japan Earthquake,Japan,日本,Japan,/images/graduation/case-placeholder.svg,,,,Image review 2026-07-04: Commons and Openverse found no exact reusable image; Piyon article uses non-commercial terms and secondary sources.,,,以纸管和布帘在体育馆避难所中快速形成家庭边界，回应隐私和尊严问题。,避難所に紙管の間仕切りを展開し、生活のプライバシーを確保する仮設システム。軽さ、運搬、組み立てを比較できる。,"Paper Partition System East Japan Earthquake is a reference case for reading disaster prevention, evacuation, Design topic: 隐私, Design topic: 临时系统. It can inform thesis thinking about mixed programs, operation, and place-making.",防灾|避难|隐私|临时系统|纸管,防災|避難|プライバシー|仮設システム|紙管,disaster prevention|evacuation|Design topic: 隐私|Design topic: 临时系统|Design topic: 纸管,https://shigerubanarchitects.com/works/paper-tubes/paper-partition-system4/,2011,Shigeru Ban Architects,draft
CASE-033,Yu no Eki Ohyu,Yu no Eki Ohyu,Yu no Eki Ohyu,Kazuno Japan,Kazuno 日本,Kazuno Japan,/images/graduation/cases/case-033-yu-no-eki-ohyu.jpg,https://commons.wikimedia.org/wiki/File:Roadside_Station_Oyu_20180915a.jpg,CC BY-SA 4.0,Photo: 掬茶 / Wikimedia Commons,Source-safe image review 2026-07-04: exact Oyu roadside station image confirmed through Wikimedia Commons metadata.,,,店铺、咖啡、露天剧场、公园、足汤和生态水景被放在同一大屋顶下。,温泉街の足湯、食、観光案内を組み合わせた小さな滞在拠点。短時間の休憩を地域交流へつなげる設計として読める。,"Yu no Eki Ohyu is a reference case for reading Design topic: 温泉街, Design topic: 足汤, local food, tourism. It can inform thesis thinking about mixed programs, operation, and place-making.",温泉街|足汤|地域食|旅游|健康,温泉街|足湯|地域食|観光|健康,Design topic: 温泉街|Design topic: 足汤|local food|tourism|health,https://kkaa.co.jp/en/project/yu-no-eki-ohyu/,2018,Kengo Kuma and Associates,published
CASE-034,KAIT Workshop,KAIT Workshop,KAIT Workshop,Kanagawa Japan,Kanagawa 日本,Kanagawa Japan,/images/graduation/cases/case-034-kait-workshop.jpg,https://commons.wikimedia.org/wiki/File:KAIT_Workshop_Junya_Ishigami_internal_view.JPG,CC BY-SA 3.0,Epiq,Wikimedia Commons verified cover,,,以一室空间和细柱林支持学生自由制作、学习与偶发交流，弱化固定功能边界。,細い柱とガラスで構成された開放工房。制作、移動、視線が自由に交差し、学生の作業が互いに見える学習環境を読める。,"KAIT Workshop is a reference case for reading openworkshop, Design topic: 学生, making, learning. It can inform thesis thinking about mixed programs, operation, and place-making.",开放工坊|学生|制作|学习|灵活空间,開放工房|学生|制作|学習|柔軟な空間,openworkshop|Design topic: 学生|making|learning|Design topic: 灵活space,https://en.kait.jp/facilities/kait-workshop.html,2008,Junya Ishigami and Associates,published
CASE-035,Kashiwa-no-ha Open Innovation Lab,Kashiwa-no-ha Open Innovation Lab,Kashiwa-no-ha Open Innovation Lab,Kashiwa Japan,Kashiwa 日本,Kashiwa Japan,/images/graduation/cases/case-035-kashiwa-no-ha-open-innovation-lab.jpg,https://commons.wikimedia.org/wiki/File:KOIL_GARDEN.jpg,CC0,Photo: Souka Kinmei / Wikimedia Commons,Source-safe image review 2026-07-04: same KOIL facility/garden image confirmed through Wikimedia Commons metadata.,,,创业者、研究者、学生和企业在共享办公与活动空间中进行跨领域共创。,シェアオフィス、研究、共創をつなぐ地域イノベーション拠点。仕事場に相談、発表、偶然の交流を重ねる参考になる。,"Kashiwa-no-ha Open Innovation Lab is a reference case for reading Design topic: shared办公, Design topic: 创业, Design topic: 共创, Design topic: 研究. It can inform thesis thinking about mixed programs, operation, and place-making.",共享办公|创业|共创|研究|地方创新,シェアオフィス|起業|共創|研究|地域イノベーション,Design topic: shared办公|Design topic: 创业|Design topic: 共创|Design topic: 研究|Design topic: local创新,https://www.koil.jp/?lang=en,2014,Naruse Inokuma Architects,published
CASE-036,Tama Art University Library,Tama Art University Library,Tama Art University Library,Tokyo Japan,東京 日本,Tokyo Japan,/images/graduation/cases/case-036-tama-art-university-library.jpg,https://commons.wikimedia.org/wiki/File:Tama_Art_University_Library.JPG,CC BY-SA 4.0,Wiiii / Wikimedia Commons,,,,艺术大学图书馆以拱形连续空间支持阅读、放松、研究和创作灵感。,アーチ状の構造が連続する大学図書館。静かな学習、創作前の調査、開放的な通り抜けが同居する空間を比較できる。,"Tama Art University Library is a reference case for reading library, Design topic: art大学, learning, creative production. It can inform thesis thinking about mixed programs, operation, and place-making.",图书馆|艺术大学|学习|创作|开放空间,図書館|アート大学|学習|創作|開放空間,library|Design topic: art大学|learning|creative production|openspace,https://www.tamabi.ac.jp/en/about/library/,2007,Toyo Ito and Associates,published
CASE-037,Home-for-All Rikuzentakata,Home-for-All Rikuzentakata,Home-for-All Rikuzentakata,Rikuzentakata Japan,Rikuzentakata 日本,Rikuzentakata Japan,/images/graduation/case-placeholder.svg,,,,"Image review 2026-07-04: Commons/Openverse results were Venice Biennale exhibition or model photos, not built Rikuzentakata project cover.",,,灾后小型共同客厅为失去家园的人提供聚会、交谈和恢复日常的空间。,災後の地域に置かれた共同リビング。食事、会話、記憶の共有を通じて、人が集まり直す小さな公共性を読める。,"Home-for-All Rikuzentakata is a reference case for reading Design topic: post-disaster复兴, shared living room, wooden, community. It can inform thesis thinking about mixed programs, operation, and place-making.",灾后复兴|共同客厅|木造|社区|记忆,災後復興|共同リビング|木造|コミュニティ|記憶,Design topic: post-disaster复兴|shared living room|wooden|community|Design topic: 记忆,https://www.home-for-all.org/about,2012,"Toyo Ito, Kumiko Inui, Sou Fujimoto, Akihisa Hirata",draft
CASE-038,BONUS TRACK Shimokitazawa,BONUS TRACK Shimokitazawa,BONUS TRACK Shimokitazawa,Tokyo Japan,東京 日本,Tokyo Japan,/images/graduation/cases/case-038-bonus-track-shimokitazawa.jpg,https://www.mdpi.com/2071-1050/17/17/7583,CC BY 4.0,Photo by morinakayasuaki via Hiroki Nakajima / MDPI Sustainability,Source-safe image review 2026-07-04: exact Bonus Track photo accepted from MDPI open-access article under CC BY 4.0.,,,旧铁路用地变成小店创业和街区交流空间，保留低层、可逛、可参与的街区气质。,旧鉄道用地に小さな店舗と活動を並べた街区更新。大規模開発ではなく、小商いと歩行で場所を育てる方法を読める。,"BONUS TRACK Shimokitazawa is a reference case for reading Design topic: 旧铁路用地, Design topic: 小店创业, neighborhoodrenewal, Design topic: 步行. It can inform thesis thinking about mixed programs, operation, and place-making.",旧铁路用地|小店创业|街区更新|步行|社区商业,旧鉄道用地|小店舗起業|街区更新|歩行|コミュニティ商業,Design topic: 旧铁路用地|Design topic: 小店创业|neighborhoodrenewal|Design topic: 步行|Design topic: community商业,https://tbma.jp/en/works/bonus-track/,2020,TSUBAME ARCHITECTS,published
CASE-039,MIKAN SHIMOKITA,MIKAN SHIMOKITA,MIKAN SHIMOKITA,Tokyo Japan,東京 日本,Tokyo Japan,/images/graduation/cases/case-039-mikan-shimokita.jpg,https://commons.wikimedia.org/wiki/File:%E5%95%86%E6%A5%AD%E6%96%BD%E8%A8%AD%E3%80%8C%E3%83%9F%E3%82%AB%E3%83%B3%E4%B8%8B%E5%8C%97%E3%80%8D.jpg,CC0,Photo: Souka Kinmei / Wikimedia Commons,Image review 2026-07-04: accepted exact MIKAN SHIMOKITA commercial facility image via Wikimedia Commons CC0.,,,高架下商业与工作空间以未完成感和可变骨架回应下北泽的街区文化。,高架下に商業、シェアオフィス、街区文化を重ねた事例。雨を避けられる線状空間を日常的な滞在と仕事の場へ変えている。,"MIKAN SHIMOKITA is a reference case for reading Design topic: 高架下, Design topic: 商业, Design topic: shared办公, neighborhoodculture. It can inform thesis thinking about mixed programs, operation, and place-making.",高架下|商业|共享办公|街区文化|可变空间,高架下|商業|シェアオフィス|街区文化|可変空間,Design topic: 高架下|Design topic: 商业|Design topic: shared办公|neighborhoodculture|Design topic: 可变space,https://tjda.com/en/projects/mikan-shimokita/,2022,Taiju Yamashita Design and Associates,published
CASE-040,MIYASHITA PARK,MIYASHITA PARK,MIYASHITA PARK,Tokyo Japan,東京 日本,Tokyo Japan,/images/graduation/cases/case-040-miyashita-park.jpg,https://commons.wikimedia.org/wiki/File:Miyashita_Park_on_a_sunny_day_13.jpg,CC0,Syced / Wikimedia Commons,,,,屋上公园、商业和酒店叠合，重新讨论高密度城市中公共空间与商业的关系。,「MIYASHITA PARK」は、屋上公園・商業複合・運動・公共性の関係を読み取る参考事例。用途の複合、運営、居場所のつくり方を卒業設計に転用して考えられる。,"MIYASHITA PARK is a reference case for reading Design topic: 屋上park, Design topic: 商业复合, Design topic: 运动, publicness. It can inform thesis thinking about mixed programs, operation, and place-making.",屋上公园|商业复合|运动|公共性|无障碍,屋上公園|商業複合|運動|公共性|バリアフリー,Design topic: 屋上park|Design topic: 商业复合|Design topic: 运动|publicness|Design topic: 无障碍,https://www.nikken.co.jp/en/projects/urban_design_and_planning/miyashita_park.html,2020,Nikken Sekkei,published
CASE-041,Inujima Seirensho Art Museum,Inujima Seirensho Art Museum,Inujima Seirensho Art Museum,Okayama Japan,Okayama 日本,Okayama Japan,/images/graduation/cases/case-041-inujima-seirensho-art-museum.jpg,https://commons.wikimedia.org/wiki/File:Inujima_Seirensho_Art_Museum_(8918114910).jpg,CC BY-SA 2.0,KimonBerlin / Wikimedia Commons,,,,旧铜精炼所遗构被保存并转化为艺术和环境体验，展示工业遗产再生的空间可能。,旧精錬所の遺構を、アートと環境体験の場へ転用した事例。産業遺産を壊さず、場所の記憶を新しい公共体験に変えている。,"Inujima Seirensho Art Museum is a reference case for reading Design topic: 工业heritage, art, environmental education, Design topic: 离岛. It can inform thesis thinking about mixed programs, operation, and place-making.",工业遗产|艺术|环境教育|离岛|再利用,産業遺産|アート|環境教育|離島|再利用,Design topic: 工业heritage|art|environmental education|Design topic: 离岛|reuse,https://benesse-artsite.jp/en/art/seirensho.html,2008,Hiroshi Sambuichi,published
CASE-042,Nasushiobara City Library Miruru,Nasushiobara City Library Miruru,Nasushiobara City Library Miruru,Nasushiobara Japan,Nasushiobara 日本,Nasushiobara Japan,/images/graduation/cases/case-042-nasushiobara-city-library-miruru.jpg,https://commons.wikimedia.org/wiki/File:Nasushiobara_Library_Miruru_1.jpg,CC BY-SA 4.0,Miyuki Meinaka,Wikimedia Commons verified cover,,,车站前图书馆与广场像城市森林一样组织学习、市民活动和地方中心更新。,「Nasushiobara City Library Miruru」は、図書館・駅前・コンパクト都市・市民活動の関係を読み取る参考事例。用途の複合、運営、居場所のつくり方を卒業設計に転用して考えられる。,"Nasushiobara City Library Miruru is a reference case for reading library, Design topic: station前, Design topic: 紧凑urban, citizenactivity. It can inform thesis thinking about mixed programs, operation, and place-making.",图书馆|车站前|紧凑城市|市民活动|学习,図書館|駅前|コンパクト都市|市民活動|学習,library|Design topic: station前|Design topic: 紧凑urban|citizenactivity|learning,https://www.u-a-o.jp/project/20200401/a-public-library-at-the-heart-of-a-compact-vibrant-city,2020,Mari Ito + UAo,published
CASE-043,Roadside Station Mashiko,Roadside Station Mashiko,Roadside Station Mashiko,Mashiko Japan,Mashiko 日本,Mashiko Japan,/images/graduation/cases/case-043-roadside-station-mashiko.jpg,https://commons.wikimedia.org/wiki/File:Michinoeki_Mashiko.jpg,CC BY-SA 4.0,アラツク,Wikimedia Commons verified cover,,,地方木材和土形成道之驿大屋顶，把农产销售、休息和地方象征整合在一起。,道の駅を地域食、地域木材、交通の結節点として設計した事例。地域の入口となる小さな公共建築のつくり方を比較できる。,"Roadside Station Mashiko is a reference case for reading roadside station, local food, Design topic: local木材, transport. It can inform thesis thinking about mixed programs, operation, and place-making.",道之驿|地域食|地方木材|交通|地方服务,道の駅|地域食|地域木材|交通|地域サービス,roadside station|local food|Design topic: local木材|transport|localservice,https://www.fuji-studio.jp/index_E.html#section_works_Mashiko,2016,MOUNT FUJI ARCHITECTS STUDIO,published
CASE-044,Nabeshima Shoto Park Toilet,Nabeshima Shoto Park Toilet,Nabeshima Shoto Park Toilet,Tokyo Japan,東京 日本,Tokyo Japan,/images/graduation/cases/case-044-nabeshima-shoto-park-toilet.jpg,https://commons.wikimedia.org/wiki/File:Shoto_park_2302.jpg,CC BY-SA 4.0,鋸香具師,Wikimedia Commons verified cover,,,五个小木屋式公共厕所散落在公园中，以步道和木百叶改善厕所的安全感和亲近感。,「Nabeshima Shoto Park Toilet」は、公共トイレ・公園・木材・安全の関係を読み取る参考事例。用途の複合、運営、居場所のつくり方を卒業設計に転用して考えられる。,"Nabeshima Shoto Park Toilet is a reference case for reading public toilet, park, Design topic: 木材, safety. It can inform thesis thinking about mixed programs, operation, and place-making.",公共厕所|公园|木材|安全|步行,公共トイレ|公園|木材|安全|歩行,public toilet|park|Design topic: 木材|safety|Design topic: 步行,https://tokyotoilet.jp/en/nabesima_park/,2021,Kengo Kuma,published
CASE-045,Teshima Art Museum,Teshima Art Museum,Teshima Art Museum,Teshima Japan,Teshima 日本,Teshima Japan,/images/graduation/cases/case-045-teshima-art-museum.jpg,https://commons.wikimedia.org/wiki/File:Exterior_of_the_Teshima_Art_Museum.jpg,CC BY-SA 4.0,Bea Phi / Wikimedia Commons,,,,低矮无柱壳体与水滴、风和场地植物共同形成艺术、自然和身体感知的空间。,「Teshima Art Museum」は、美術館・自然・離島・身体体験の関係を読み取る参考事例。用途の複合、運営、居場所のつくり方を卒業設計に転用して考えられる。,"Teshima Art Museum is a reference case for reading art museum, nature, Design topic: 离岛, Design topic: 身体体验. It can inform thesis thinking about mixed programs, operation, and place-making.",美术馆|自然|离岛|身体体验|环境,美術館|自然|離島|身体体験|環境,art museum|nature|Design topic: 离岛|Design topic: 身体体验|Design topic: 环境,https://benesse-artsite.jp/en/art/teshima-artmuseum.html,2010,Ryue Nishizawa,published
CASE-046,Chichu Art Museum,Chichu Art Museum,Chichu Art Museum,Naoshima Japan,Naoshima 日本,Naoshima Japan,/images/graduation/cases/case-046-chichu-art-museum.jpg,https://commons.wikimedia.org/wiki/File:Chichu_art_museum02s2560.jpg,CC BY 2.5,663highland / Wikimedia Commons,,,,大部分埋入地下的美术馆以自然光和几何庭院回应自然景观与艺术体验。,「Chichu Art Museum」は、美術館・地下・自然光・離島の関係を読み取る参考事例。用途の複合、運営、居場所のつくり方を卒業設計に転用して考えられる。,"Chichu Art Museum is a reference case for reading art museum, Design topic: 地下, Design topic: nature光, Design topic: 离岛. It can inform thesis thinking about mixed programs, operation, and place-making.",美术馆|地下|自然光|离岛|景观,美術館|地下|自然光|離島|景観,art museum|Design topic: 地下|Design topic: nature光|Design topic: 离岛|Design topic: 景观,https://benesse-artsite.jp/en/art/chichu.html,2004,Tadao Ando,published
CASE-047,Towada Art Center,Towada Art Center,Towada Art Center,Towada Japan,Towada 日本,Towada Japan,/images/graduation/cases/case-047-towada-art-center.jpg,https://commons.wikimedia.org/wiki/File:Towada_art_center.JPG,CC0,Angaurits / Wikimedia Commons,,,,分散盒子与街道结合，艺术设施成为地方城市街景再生和市民交流的核心。,「Towada Art Center」は、美術館・アート街区・地域再生・歩行の関係を読み取る参考事例。用途の複合、運営、居場所のつくり方を卒業設計に転用して考えられる。,"Towada Art Center is a reference case for reading art museum, artneighborhood, localregeneration, Design topic: 步行. It can inform thesis thinking about mixed programs, operation, and place-making.",美术馆|艺术街区|地方再生|步行|市民交流,美術館|アート街区|地域再生|歩行|市民交流,art museum|artneighborhood|localregeneration|Design topic: 步行|citizenexchange,https://towadaartcenter.com/en/about/,2008,Ryue Nishizawa,published
CASE-048,Aranya Art Center,Aranya Art Center,Aranya Art Center,Qinhuangdao China,Qinhuangdao China,Qinhuangdao China,/images/graduation/case-placeholder.svg,,,,Image review 2026-07-04: Commons and Openverse found no exact reusable image; official and article media license not confirmed.,,,海边社区中的艺术中心通过内向庭院和公共动线讨论艺术空间与共同体关系。,「Aranya Art Center」は、美術館・コミュニティ・海辺・精神性の関係を読み取る参考事例。用途の複合、運営、居場所のつくり方を卒業設計に転用して考えられる。,"Aranya Art Center is a reference case for reading art museum, community, Design topic: 海边, Design topic: 精神性. It can inform thesis thinking about mixed programs, operation, and place-making.",美术馆|社区|海边|精神性|公共动线,美術館|コミュニティ|海辺|精神性|公共動線,art museum|community|Design topic: 海边|Design topic: 精神性|Design topic: public动线,https://neriandhu.com/en/works/the-void-aranya-art-center,2019,Neri&Hu,draft
CASE-049,Mokumoku Yuusui Toilet,Mokumoku Yuusui Toilet,Mokumoku Yuusui Toilet,Nagano Japan,Nagano 日本,Nagano Japan,/images/graduation/case-placeholder.svg,,,,,,,小型木构公共厕所与湧水公园环境结合，提示基础服务设施也能成为地方景观的一部分。,「Mokumoku Yuusui Toilet」は、公共トイレ・木構造・公園・地域景観の関係を読み取る参考事例。用途の複合、運営、居場所のつくり方を卒業設計に転用して考えられる。,"Mokumoku Yuusui Toilet is a reference case for reading public toilet, Design topic: 木构, park, Design topic: local景观. It can inform thesis thinking about mixed programs, operation, and place-making.",公共厕所|木构|公园|地方景观|基础设施,公共トイレ|木構造|公園|地域景観|基盤施設,public toilet|Design topic: 木构|park|Design topic: local景观|Design topic: 基础facility,https://kkaa.co.jp/en/project/mokumoku-yuusui-toilet/,2021,Kengo Kuma and Associates,draft
CASE-050,Hisaya-odori Park,Hisaya-odori Park,Hisaya-odori Park,Nagoya Japan,Nagoya 日本,Nagoya Japan,https://upload.wikimedia.org/wikipedia/commons/5/5b/Media_Hiroba_of_Hisaya-odori_Park_and_Nagoya_TV_Tower_-_2.jpg,https://commons.wikimedia.org/wiki/File:Media_Hiroba_of_Hisaya-odori_Park_and_Nagoya_TV_Tower_-_2.jpg,CC BY-SA 4.0,KKPCW,Wikimedia Commons verified cover,,,久屋大通公园再整备把线性公园、店铺和活动场连接，形成城市中心的日常公共轴。,「Hisaya-odori Park」は、線性公園・商業複合・都市センター・歩行の関係を読み取る参考事例。用途の複合、運営、居場所のつくり方を卒業設計に転用して考えられる。,"Hisaya-odori Park is a reference case for reading Design topic: 线性park, Design topic: 商业复合, urbancenter, Design topic: 步行. It can inform thesis thinking about mixed programs, operation, and place-making.",线性公园|商业复合|城市中心|步行|活动,線形公園|商業複合|都心|歩行|活動,Design topic: 线性park|Design topic: 商业复合|urbancenter|Design topic: 步行|activity,https://rhp.nagoya/,2020,Hisaya-odori Park PFI,published
CASE-051,Kadokawa Culture Museum,Kadokawa Culture Museum,Kadokawa Culture Museum,Tokorozawa Japan,Tokorozawa 日本,Tokorozawa Japan,https://upload.wikimedia.org/wikipedia/commons/d/d3/Kadokawa_Culture_Museum.2020-03-03.jpg,https://commons.wikimedia.org/wiki/File:Kadokawa_Culture_Museum.2020-03-03.jpg,CC BY-SA 4.0,Kaijooo / Wikimedia Commons,,,,巨石般的文化博物馆把出版、艺术、动漫、图书和活动组织成郊区文化目的地。,「Kadokawa Culture Museum」は、文化複合・博物館・出版・若者文化の関係を読み取る参考事例。用途の複合、運営、居場所のつくり方を卒業設計に転用して考えられる。,"Kadokawa Culture Museum is a reference case for reading cultural complex, Design topic: 博物馆, Design topic: 出版, youthculture. It can inform thesis thinking about mixed programs, operation, and place-making.",文化复合|博物馆|出版|青年文化|郊区,文化複合|博物館|出版|若者文化|郊外,cultural complex|Design topic: 博物馆|Design topic: 出版|youthculture|Design topic: 郊区,https://kkaa.co.jp/en/project/tokorozawa-sakura-town-kadokawa-culture-museum/,2020,Kengo Kuma and Associates + KAJIMA Design,published
CASE-052,Hoki Museum,Hoki Museum,Hoki Museum,Chiba Japan,Chiba 日本,Chiba Japan,https://upload.wikimedia.org/wikipedia/commons/1/16/Hoki_museum_outside_rear_001.jpg,https://commons.wikimedia.org/wiki/File:Hoki_museum_outside_rear_001.jpg,CC BY-SA 3.0,W650neco,Wikimedia Commons verified cover,,,弯曲悬挑画廊嵌入绿色环境，为写实绘画提供安静、连续且沉浸的观看空间。,「Hoki Museum」は、美術館・静か・自然・個人コレクションの関係を読み取る参考事例。用途の複合、運営、居場所のつくり方を卒業設計に転用して考えられる。,"Hoki Museum is a reference case for reading art museum, Design topic: 安静, nature, Design topic: 私人收藏. It can inform thesis thinking about mixed programs, operation, and place-making.",美术馆|安静|自然|私人收藏|疗愈,美術館|静か|自然|個人コレクション|癒やし,art museum|Design topic: 安静|nature|Design topic: 私人收藏|Design topic: 疗愈,https://www.nikken.co.jp/en/projects/cultural/hoki_museum.html,2010,Nikken Sekkei,published
CASE-053,Oita Prefectural Art Museum,Oita Prefectural Art Museum,Oita Prefectural Art Museum,Oita Japan,Oita 日本,Oita Japan,https://upload.wikimedia.org/wikipedia/commons/d/d2/Oita_OPAM_1.jpg,https://commons.wikimedia.org/wiki/File:Oita_OPAM_1.jpg,CC BY-SA 4.0,大分帰省中,Wikimedia Commons verified cover,,,开放立面和公共界面让美术馆成为城市会客厅，弱化传统美术馆的封闭感。,「Oita Prefectural Art Museum」は、美術館・開いた接地面・市民広場・地域文化の関係を読み取る参考事例。用途の複合、運営、居場所のつくり方を卒業設計に転用して考えられる。,"Oita Prefectural Art Museum is a reference case for reading art museum, Design topic: open界面, Design topic: citizen广场, localculture. It can inform thesis thinking about mixed programs, operation, and place-making.",美术馆|开放界面|市民广场|地方文化|活动,美術館|開いた接地面|市民広場|地域文化|活動,art museum|Design topic: open界面|Design topic: citizen广场|localculture|activity,https://shigerubanarchitects.com/works/oita-prefectural-art-museum/,2014,Shigeru Ban Architects,published
CASE-054,Kyoto City KYOCERA Museum of Art,Kyoto City KYOCERA Museum of Art,Kyoto City KYOCERA Museum of Art,Kyoto Japan,京都 日本,Kyoto Japan,https://upload.wikimedia.org/wikipedia/commons/3/39/Kyoto-City-KYOCERA-Museum-of-Art.jpg,https://commons.wikimedia.org/wiki/File:Kyoto-City-KYOCERA-Museum-of-Art.jpg,CC BY-SA 4.0,Tokyo-Good,Wikimedia Commons verified cover,,,历史公共美术馆通过入口、广场和地下动线更新，在保留记忆的同时打开城市界面。,歴史的建築の保存と美術館更新を重ね、入口、広場、展示動線を現代化した事例。文化記憶と公共性を比較できる。,"Kyoto City KYOCERA Museum of Art is a reference case for reading Design topic: history建筑, art museumrenewal, entry, Design topic: 广场. It can inform thesis thinking about mixed programs, operation, and place-making.",历史建筑|美术馆更新|入口|广场|文化记忆,歴史的建築|美術館更新|入口|広場|文化記憶,Design topic: history建筑|art museumrenewal|entry|Design topic: 广场|Design topic: culture记忆,https://kyotocity-kyocera.museum/en/architecture,2020,Jun Aoki + Tezzo Nishizawa,published
CASE-055,Nagasaki Prefectural Art Museum,Nagasaki Prefectural Art Museum,Nagasaki Prefectural Art Museum,Nagasaki Japan,Nagasaki 日本,Nagasaki Japan,https://upload.wikimedia.org/wikipedia/commons/6/68/Nagasaki_Prefectural_Art_Museum_%283611415894%29.jpg,https://commons.wikimedia.org/wiki/File:Nagasaki_Prefectural_Art_Museum_(3611415894).jpg,CC BY-SA 2.0,Kenta Mabuchi,Wikimedia Commons verified cover,,,跨越运河的美术馆把两块场地和水边景观连接起来，形成面向港口的文化公共空间。,「Nagasaki Prefectural Art Museum」は、水辺・美術館・運河・港の関係を読み取る参考事例。用途の複合、運営、居場所のつくり方を卒業設計に転用して考えられる。,"Nagasaki Prefectural Art Museum is a reference case for reading waterfront, art museum, Design topic: 运河, Design topic: 港口. It can inform thesis thinking about mixed programs, operation, and place-making.",水边|美术馆|运河|港口|景观,水辺|美術館|運河|港|景観,waterfront|art museum|Design topic: 运河|Design topic: 港口|Design topic: 景观,https://kkaa.co.jp/en/project/nagasaki-prefectural-art-museum/,2005,Kengo Kuma and Associates,published
CASE-056,Tainan Spring,Tainan Spring,Tainan Spring,Tainan Taiwan,Tainan Taiwan,Tainan Taiwan,/images/graduation/cases/case-056-tainan-spring.jpg,https://commons.wikimedia.org/wiki/File:%E8%87%BA%E5%8D%97%E6%B2%B3%E6%A8%82%E5%BB%A3%E5%A0%B4.jpg,CC BY-SA 4.0,Photo: Pbdragonwang / Wikimedia Commons,Image review 2026-07-04: exact Tainan Spring / HeLe Plaza image accepted via Commons CC BY-SA 4.0.,,,旧购物中心拆除后转化为城市水景公园，重新连接城市、记忆和可停留公共空间。,旧商業施設の跡地を、水辺と公園の公共空間へ変えた都市更新。雨水、涼しさ、滞在を街の中心に戻す事例として読める。,"Tainan Spring is a reference case for reading Design topic: 旧商业体, water landscape, park, urbanrenewal. It can inform thesis thinking about mixed programs, operation, and place-making.",旧商业体|水景|公园|城市更新|慢行,水辺|公園|都市更新|雨水|公共空間,Design topic: 旧商业体|water landscape|park|urbanrenewal|Design topic: 慢行,https://www.mvrdv.com/projects/272/tainan-spring,2020,MVRDV,published
CASE-057,Tsuruoka Cultural Hall,Tsuruoka Cultural Hall,Tsuruoka Cultural Hall,Tsuruoka Japan,Tsuruoka 日本,Tsuruoka Japan,/images/graduation/case-placeholder.svg,,,,Source review 2026-07-04: official facility page confirmed; image remains placeholder because photo reuse rights are not confirmed.,,,地方文化厅以连续屋面和多功能空间支持演出、排练、市民活动和地方文化延续。,「Tsuruoka Cultural Hall」は、文化ホール・演出・市民活動・地域文化の関係を読み取る参考事例。用途の複合、運営、居場所のつくり方を卒業設計に転用して考えられる。,"Tsuruoka Cultural Hall is a reference case for reading Design topic: culture厅, Design topic: 演出, citizenactivity, localculture. It can inform thesis thinking about mixed programs, operation, and place-making.",文化厅|演出|市民活动|地方文化|屋面,文化ホール|演出|市民活動|地域文化|屋根,Design topic: culture厅|Design topic: 演出|citizenactivity|localculture|Design topic: 屋面,https://tact-tsuruoka.jp/information,2017,SANAA,draft
CASE-058,Sagawa Art Museum,Sagawa Art Museum,Sagawa Art Museum,Moriyama Japan,Moriyama 日本,Moriyama Japan,https://upload.wikimedia.org/wikipedia/commons/5/5b/Sagawa_art_museum01s3200.jpg,https://commons.wikimedia.org/wiki/File:Sagawa_art_museum01s3200.jpg,CC BY 2.5,663highland,Wikimedia Commons verified cover,,,围绕人工水庭的低层美术馆被称为漂浮的美术馆，艺术、茶室和水景形成静谧体验。,「Sagawa Art Museum」は、美術館・水庭・茶室・自然の関係を読み取る参考事例。用途の複合、運営、居場所のつくり方を卒業設計に転用して考えられる。,"Sagawa Art Museum is a reference case for reading art museum, Design topic: 水庭, Design topic: 茶室, nature. It can inform thesis thinking about mixed programs, operation, and place-making.",美术馆|水庭|茶室|自然|安静,美術館|水庭|茶室|自然|静か,art museum|Design topic: 水庭|Design topic: 茶室|nature|Design topic: 安静,https://www.sagawa-artmuseum.or.jp/en/,1998,Takenaka Corporation,published
CASE-059,LT Josai Shared House,LT Josai Shared House,LT Josai Shared House,Nagoya Japan,Nagoya 日本,Nagoya Japan,/images/graduation/case-placeholder.svg,,,,Image review 2026-07-04: ArchDaily media found but no clear reusable image license confirmed.,,,共享住宅通过多个公共空间组织陌生人共居，回应青年独居和居住成本压力。,「LT Josai Shared House」は、シェアハウス・若者・共同居住・キッチンの関係を読み取る参考事例。用途の複合、運営、居場所のつくり方を卒業設計に転用して考えられる。,"LT Josai Shared House is a reference case for reading shared housing, youth, Design topic: 共居, kitchen. It can inform thesis thinking about mixed programs, operation, and place-making.",共享住宅|青年|共居|厨房|第三空间,シェアハウス|若者|共同居住|キッチン|第三空間,shared housing|youth|Design topic: 共居|kitchen|third place,https://www.narukuma.com/lt-josai/,2013,Naruse Inokuma Architects,draft
CASE-060,Fukuda Art Museum,Fukuda Art Museum,Fukuda Art Museum,Kyoto Japan,京都 日本,Kyoto Japan,https://upload.wikimedia.org/wikipedia/commons/e/e0/Fukuda_art_museum.jpg,https://commons.wikimedia.org/wiki/File:Fukuda_art_museum.jpg,CC BY-SA 4.0,運動会プロテインパワー,Wikimedia Commons verified cover,,,嵯峨岚山的美术馆强调未来百年的日本建筑标准，连接传统收藏、庭园和观光街区。,観光地の中で、美術館、庭園、伝統文化を落ち着いた滞在体験としてまとめた事例。来訪者利用と地域景観の距離感を読める。,"Fukuda Art Museum is a reference case for reading art museum, Design topic: 传统culture, tourism, Design topic: 庭园. It can inform thesis thinking about mixed programs, operation, and place-making.",美术馆|传统文化|观光|庭园|历史街区,美術館|伝統文化|観光|庭園|歴史街区,art museum|Design topic: 传统culture|tourism|Design topic: 庭园|historyneighborhood,https://fukuda-art-museum.jp/en/concept,2019,Yasuda Atelier,published
CASE-061,Japan National Stadium,Japan National Stadium,Japan National Stadium,Tokyo Japan,東京 日本,Tokyo Japan,https://upload.wikimedia.org/wikipedia/commons/9/9d/New_national_stadium_tokyo_1.jpg,https://commons.wikimedia.org/wiki/File:New_national_stadium_tokyo_1.jpg,CC BY-SA 3.0 de,Arne Müseler,Wikimedia Commons verified cover,,,大型体育场以层叠木质檐口和公园化边界回应国家赛事设施的日常化问题。,「Japan National Stadium」は、スポーツ場・イベント遺産・木材・公園の関係を読み取る参考事例。用途の複合、運営、居場所のつくり方を卒業設計に転用して考えられる。,"Japan National Stadium is a reference case for reading Design topic: 体育场, Design topic: 赛事heritage, Design topic: 木材, park. It can inform thesis thinking about mixed programs, operation, and place-making.",体育场|赛事遗产|木材|公园|城市开放空间,スポーツ場|イベント遺産|木材|公園|都市開放空間,Design topic: 体育场|Design topic: 赛事heritage|Design topic: 木材|park|urbanopenspace,https://kkaa.co.jp/en/project/japan-national-stadium/,2019,Kengo Kuma and Associates + Taisei Corporation + Azusa Sekkei,published
CASE-062,Onagawa Container House,Onagawa Container House,Onagawa Container House,Miyagi Japan,Miyagi 日本,Miyagi Japan,/images/graduation/case-placeholder.svg,,,,,,,灾后临时住宅通过集装箱堆叠提高密度，并在有限平地上创造光线与邻里空隙。,「Onagawa Container House」は、仮設住宅・災後復興・コンテナ・近隣の関係を読み取る参考事例。用途の複合、運営、居場所のつくり方を卒業設計に転用して考えられる。,"Onagawa Container House is a reference case for reading Design topic: 临时住宅, Design topic: post-disaster复兴, Design topic: 集装箱, Design topic: 邻里. It can inform thesis thinking about mixed programs, operation, and place-making.",临时住宅|灾后复兴|集装箱|邻里|高密度,仮設住宅|災後復興|コンテナ|近隣|高密度,Design topic: 临时住宅|Design topic: post-disaster复兴|Design topic: 集装箱|Design topic: 邻里|Design topic: 高密度,https://shigerubanarchitects.com/works/hh/container-house/,2011,Shigeru Ban Architects,draft
CASE-063,Roadside Station Aino Tsuchiyama,Roadside Station Aino Tsuchiyama,Roadside Station Aino Tsuchiyama,Shiga Japan,Shiga 日本,Shiga Japan,/images/graduation/cases/case-063-roadside-station-aino-tsuchiyama.jpg,https://commons.wikimedia.org/wiki/File:Michinoeki_Aino-Tsuchiyama01.JPG,CC BY 3.0,Photo: Kansai explorer / Wikimedia Commons,Source-safe image review 2026-07-04: same roadside-station facility image confirmed through Wikimedia Commons metadata.,,,道之驿加入共创办公和社区会议空间，让道路服务站转向地方服务和公共交流。,道の駅を地域食、共創オフィス、会議、移動の拠点として組み直す事例。農産物と地域活動をつなぐ公共性を読める。,"Roadside Station Aino Tsuchiyama is a reference case for reading roadside station, Design topic: 共创办公, communitymeeting, local food. It can inform thesis thinking about mixed programs, operation, and place-making.",道之驿|共创办公|社区会议|地域食|地方服务,道の駅|地域食|共創オフィス|交通|地域サービス,roadside station|Design topic: 共创办公|communitymeeting|local food|localservice,https://kkaa.co.jp/en/project/roadside-station-aino-tsuchiyama/,2025,Kengo Kuma and Associates,published
CASE-064,Takayanagi Community Center,Takayanagi Community Center,Takayanagi Community Center,Niigata Japan,Niigata 日本,Niigata Japan,/images/graduation/case-placeholder.svg,,,,Image review 2026-07-04: Commons and Openverse found no exact reusable image; KKAA official media license not confirmed.,,,社区中心以茅葺意象回应环形村落景观，保存地方身份并承接居民活动。,「Takayanagi Community Center」は、コミュニティセンター・地域アイデンティティ・伝統景観・山村の関係を読み取る参考事例。用途の複合、運営、居場所のつくり方を卒業設計に転用して考えられる。,"Takayanagi Community Center is a reference case for reading communitycenter, Design topic: local身份, Design topic: 传统景观, Design topic: 山村. It can inform thesis thinking about mixed programs, operation, and place-making.",社区中心|地方身份|传统景观|山村|公共活动,コミュニティセンター|地域アイデンティティ|伝統景観|山村|公共活動,communitycenter|Design topic: local身份|Design topic: 传统景观|Design topic: 山村|public activities,https://kkaa.co.jp/en/project/takayanagi-community-center/,,Kengo Kuma and Associates,draft
CASE-065,AU Childcare Support,AU Childcare Support,AU Childcare Support,Sasebo Japan,Sasebo 日本,Sasebo Japan,/images/graduation/case-placeholder.svg,,,,,,,育儿支援设施把土间、工坊、游戏室和多功能空间串联，向地方家庭开放。,「AU Childcare Support」は、子育て・親子・相談・土間の関係を読み取る参考事例。用途の複合、運営、居場所のつくり方を卒業設計に転用して考えられる。,"AU Childcare Support is a reference case for reading childcare, Design topic: 亲子, consultation, Design topic: 土间. It can inform thesis thinking about mixed programs, operation, and place-making.",育儿|亲子|咨询|土间|社区支持,子育て|親子|相談|土間|コミュニティ支援,childcare|Design topic: 亲子|consultation|Design topic: 土间|Design topic: community支持,https://e-ensha.com/en-au-childcare-support/,,HIBINOSEKKEI + Youji no Shiro,draft
CASE-066,IRH Child Development Support,IRH Child Development Support,IRH Child Development Support,Fujioka Japan,Fujioka 日本,Fujioka Japan,/images/graduation/case-placeholder.svg,,,,,,,儿童发展支援和育儿支援并置，街道侧开放空间降低设施的心理门槛。,「IRH Child Development Support」は、子ども発達・子育て・街路との接点・共生の関係を読み取る参考事例。用途の複合、運営、居場所のつくり方を卒業設計に転用して考えられる。,"IRH Child Development Support is a reference case for reading Design topic: children发展, childcare, Design topic: 街道界面, inclusive living. It can inform thesis thinking about mixed programs, operation, and place-making.",儿童发展|育儿|街道界面|共生|照护,子ども発達|子育て|街路との接点|共生|ケア,Design topic: children发展|childcare|Design topic: 街道界面|inclusive living|care,https://e-ensha.com/en-irh-child-development-support/,2022,HIBINOSEKKEI + Youji no Shiro,draft
CASE-067,Sendagaya Community Center,Sendagaya Community Center,Sendagaya Community Center,Tokyo Japan,東京 日本,Tokyo Japan,/images/graduation/case-placeholder.svg,,,,Image review 2026-07-04: Commons and Openverse found no exact reusable image; official and article media license not confirmed.,,,高密度城市中的社区中心通过开口、采光和多层公共功能制造邻里连接。,「Sendagaya Community Center」は、コミュニティセンター・高密度・開いた接地面・採光の関係を読み取る参考事例。用途の複合、運営、居場所のつくり方を卒業設計に転用して考えられる。,"Sendagaya Community Center is a reference case for reading communitycenter, Design topic: 高密度, Design topic: open界面, Design topic: 采光. It can inform thesis thinking about mixed programs, operation, and place-making.",社区中心|高密度|开放界面|采光|公共服务,コミュニティセンター|高密度|開いた接地面|採光|公共サービス,communitycenter|Design topic: 高密度|Design topic: open界面|Design topic: 采光|public service,https://kkaa.co.jp/en/project/shibuya-scc-sendagaya-community-centerharajyuku-kindergarden/,2024,Kengo Kuma and Associates,draft
CASE-068,Miyashita Park Atelier Bow-Wow,Miyashita Park Atelier Bow-Wow,Miyashita Park Atelier Bow-Wow,Tokyo Japan,東京 日本,Tokyo Japan,/images/graduation/cases/case-068-miyashita-park-atelier-bow-wow.jpg,https://commons.wikimedia.org/wiki/File:Miyashita_Park.jpg,CC BY 3.0,Photo: Douglas P. Perkins / Wikimedia Commons,Source-safe image review 2026-07-04: exact Miyashita Park dance plaza image accepted from Commons; same public park facility.,,,线状公园更新把运动设施和城市缝隙连接起来，讨论青年活动与公共管理关系。,高架下の公園空間を若者の運動や都市の余白として扱う事例。インフラ下の公共性、管理、活動の関係を比較できる。,"Miyashita Park Atelier Bow-Wow is a reference case for reading Design topic: 高架下, park, Design topic: youth运动, Design topic: urban缝隙. It can inform thesis thinking about mixed programs, operation, and place-making.",高架下|公园|青年运动|城市缝隙|公共管理,高架下|公園|若者運動|都市の余白|公共性,Design topic: 高架下|park|Design topic: youth运动|Design topic: urban缝隙|Design topic: public管理,https://www.bow-wow.jp/profile/2011/MiyashitaPark/index.html,2011,Atelier Bow-Wow + Tokyo Institute of Technology Tsukamoto Lab,published
CASE-069,Kanayama Community Center,Kanayama Community Center,Kanayama Community Center,Ota Japan,Ota 日本,Ota Japan,/images/graduation/case-placeholder.svg,,,,,,,历史城跡附近的社区中心结合导览和工艺学习，把文化遗产转为居民可参与的日常资源。,「Kanayama Community Center」は、歴史ガイド・工芸学習・コミュニティセンター・地域文化の関係を読み取る参考事例。用途の複合、運営、居場所のつくり方を卒業設計に転用して考えられる。,"Kanayama Community Center is a reference case for reading historyguide, Design topic: 工艺learning, communitycenter, localculture. It can inform thesis thinking about mixed programs, operation, and place-making.",历史导览|工艺学习|社区中心|地方文化|坡地,歴史ガイド|工芸学習|コミュニティセンター|地域文化|坂道,historyguide|Design topic: 工艺learning|communitycenter|localculture|Design topic: 坡地,https://kkaa.co.jp/en/project/museum-of-kanayama-castle-ruin-kanayama-community-center/,2012,Kengo Kuma and Associates,draft
CASE-070,Tonami Public Library,Tonami Public Library,Tonami Public Library,Toyama Japan,Toyama 日本,Toyama Japan,/images/graduation/cases/case-070-tonami-public-library.jpg,https://commons.wikimedia.org/wiki/File:%E7%A0%BA%E6%B3%A2%E5%B8%82%E7%AB%8B%E7%A0%BA%E6%B3%A2%E5%9B%B3%E6%9B%B8%E9%A4%A8.jpg,CC BY-SA 4.0,Whatsfb / Wikimedia Commons,"Corrected 2026-07-12: the previous Commons file showed the former Omotemachi library. This file explicitly documents the current Tonami Public Library opened at the new location in 2020; identity, author and CC BY-SA 4.0 license were checked against Commons metadata and the architect's official project page.",,,地方图书馆以大木屋顶组织阅读、停留和市民活动，成为全天候公共客厅。,木の屋根を持つ地域図書館。学習、市民活動、滞在が同じ空間に重なり、日常的な公共性を支える事例として読める。,"Tonami Public Library is a reference case for reading library, Design topic: 木roof, citizenactivity, learning. It can inform thesis thinking about mixed programs, operation, and place-making.",图书馆|木屋顶|市民活动|学习|地方公共性,図書館|木屋根|市民活動|学習|地域拠点,library|Design topic: 木roof|citizenactivity|learning|localpublicness,https://mikami-arc.co.jp/work/%E7%A0%BA%E6%B3%A2%E5%B8%82%E7%AB%8B%E7%A0%BA%E6%B3%A2%E5%9B%B3%E6%9B%B8%E9%A4%A8,2020,MIKAMI Architects,published
CASE-071,Yokohama Red Brick Warehouse,Yokohama Red Brick Warehouse,Yokohama Red Brick Warehouse,Yokohama Japan,横浜 日本,Yokohama Japan,https://upload.wikimedia.org/wikipedia/commons/8/8f/Yokohama_Red_Brick_Warehouse_2012.JPG,https://commons.wikimedia.org/wiki/File:Yokohama_Red_Brick_Warehouse_2012.JPG,CC BY-SA 3.0,Kakidai,Wikimedia Commons verified cover,,,旧海关仓库转为展览、商业和季节活动场，港湾遗构成为城市水边公共目的地。,港の倉庫を展示、店舗、季節イベントの場へ再生した事例。歴史的な産業施設を水辺の公共目的地へ変える方法を読める。,"Yokohama Red Brick Warehouse is a reference case for reading Design topic: 仓库regeneration, harbor, waterfront, activity. It can inform thesis thinking about mixed programs, operation, and place-making.",仓库再生|港湾|水边|活动|历史记忆,倉庫再生|港湾岸|水辺|活動|歴史記憶,Design topic: 仓库regeneration|harbor|waterfront|activity|Design topic: history记忆,https://www.yokohamajapan.com/things-to-do/detail.php?bbid=184,,Yorinaka Tsumaki / later reuse operators,published
CASE-072,HAGISO and HANARE,HAGISO and HANARE,HAGISO and HANARE,Tokyo Japan,東京 日本,Tokyo Japan,/images/graduation/case-placeholder.svg,,,,Image review 2026-07-04: source page found but no exact reusable building image license confirmed.,,,旧木造公寓和周边街区被转化为咖啡、展览、住宿和街区接待系统，形成渐进式微更新。,「HAGISO and HANARE」は、木造密集・宿泊・カフェ・微更新の関係を読み取る参考事例。用途の複合、運営、居場所のつくり方を卒業設計に転用して考えられる。,"HAGISO and HANARE is a reference case for reading Design topic: wooden密集, Design topic: 旅宿, cafe, Design topic: 微renewal. It can inform thesis thinking about mixed programs, operation, and place-making.",木造密集|旅宿|咖啡|微更新|街区接待,木造密集|宿泊|カフェ|微更新|街区接待,Design topic: wooden密集|Design topic: 旅宿|cafe|Design topic: 微renewal|Design topic: neighborhood接待,https://hagiso.com/hanare-a/,2015,HAGISO,draft
CASE-073,Koganecho Artist-in-Residence,Koganecho Artist-in-Residence,Koganecho Artist-in-Residence,Yokohama Japan,横浜 日本,Yokohama Japan,/images/graduation/case-placeholder.svg,,,,"Image review 2026-07-04: Commons station image is nearby context, not AIR facility; panoramio result was wrong city.",,,高架下和旧风俗街区通过艺术驻留、工作室和社区交流逐步转向文化再生。,「Koganecho Artist-in-Residence」は、高架下・アート滞在制作・街区再生・工房の関係を読み取る参考事例。用途の複合、運営、居場所のつくり方を卒業設計に転用して考えられる。,"Koganecho Artist-in-Residence is a reference case for reading Design topic: 高架下, Design topic: art驻留, neighborhoodregeneration, Design topic: 工作室. It can inform thesis thinking about mixed programs, operation, and place-making.",高架下|艺术驻留|街区再生|工作室|治安,高架下|アート滞在制作|街区再生|工房|治安,Design topic: 高架下|Design topic: art驻留|neighborhoodregeneration|Design topic: 工作室|Design topic: 治安,https://koganecho.net/9616/4,2008,Koganecho Area Management Center,draft
CASE-074,Daikanyama T-SITE,Daikanyama T-SITE,Daikanyama T-SITE,Tokyo Japan,東京 日本,Tokyo Japan,https://upload.wikimedia.org/wikipedia/commons/3/35/Daikanyama_T-SITE_2016-04-04.jpg,https://commons.wikimedia.org/wiki/File:Daikanyama_T-SITE_2016-04-04.jpg,CC BY-SA 2.0,Jonathan Lin,Wikimedia Commons verified cover,,,书店、咖啡、影音和庭院被组织成低层文化街区，提供消费之外的长时间停留体验。,「Daikanyama T-SITE」は、書店・文化複合・カフェ・低層街区の関係を読み取る参考事例。用途の複合、運営、居場所のつくり方を卒業設計に転用して考えられる。,"Daikanyama T-SITE is a reference case for reading bookstore, cultural complex, cafe, Design topic: 低层neighborhood. It can inform thesis thinking about mixed programs, operation, and place-making.",书店|文化复合|咖啡|低层街区|第三空间,書店|文化複合|カフェ|低層街区|第三空間,bookstore|cultural complex|cafe|Design topic: 低层neighborhood|third place,https://www.klein-dytham.com/daikanyama-t-site,2011,Klein Dytham architecture,published
CASE-075,Komaeyu Public Bathhouse,Komaeyu Public Bathhouse,Komaeyu Public Bathhouse,Tokyo Japan,東京 日本,Tokyo Japan,/images/graduation/case-placeholder.svg,,,,Image review 2026-07-04: ArchDaily media found but no clear reusable image license confirmed.,,,传统钱汤更新为带桑拿、休息和街区交流的新公共浴场，吸引年轻用户重新进入社区浴场。,「Komaeyu Public Bathhouse」は、公衆浴場・サウナ・コミュニティ・健康の関係を読み取る参考事例。用途の複合、運営、居場所のつくり方を卒業設計に転用して考えられる。,"Komaeyu Public Bathhouse is a reference case for reading Design topic: public浴场, Design topic: 桑拿, community, health. It can inform thesis thinking about mixed programs, operation, and place-making.",公共浴场|桑拿|社区|健康|年轻人,公衆浴場|サウナ|コミュニティ|健康|若い人,Design topic: public浴场|Design topic: 桑拿|community|health|Design topic: 年轻人,https://schemata.jp/komaeyu/,2023,Schemata Architects + Jo Nagasaka,draft
CASE-076,Kozakai Kifukan Community Center,Kozakai Kifukan Community Center,Kozakai Kifukan Community Center,Toyokawa Japan,Toyokawa 日本,Toyokawa Japan,/images/graduation/cases/case-076-kozakai-kifukan-community-center.jpg,https://commons.wikimedia.org/wiki/File:Kozakai_Kifukan_2021-05_ac_(1).jpg,CC BY-SA 4.0,Photo: Asturio Cantabrio / Wikimedia Commons,Source-safe image review 2026-07-04: exact Kozakai Kifukan facility image confirmed through Wikimedia Commons category and file metadata.,,,社区中心、图书馆、儿童中心和市政分所复合，用共享中庭组织一站式公共服务。,コミュニティセンター、図書館、子ども支援、行政サービスをまとめた地域拠点。日常の用事を一つの公共施設に重ねる参考になる。,"Kozakai Kifukan Community Center is a reference case for reading communitycenter, library, childrencenter, Design topic: 市政service. It can inform thesis thinking about mixed programs, operation, and place-making.",社区中心|图书馆|儿童中心|市政服务|复合公共建筑,コミュニティセンター|図書館|子ども支援|行政サービス|地域拠点,communitycenter|library|childrencenter|Design topic: 市政service|Design topic: 复合public建筑,https://www.c-and-a.co.jp/en/projects/kozakaikifukan/,2021,Yasuyuki Ito + C+A Coelacanth and Associates,published
CASE-077,Pasona Urban Farm,Pasona Urban Farm,Pasona Urban Farm,Tokyo Japan,東京 日本,Tokyo Japan,/images/graduation/cases/case-077-pasona-urban-farm.jpg,https://commons.wikimedia.org/wiki/File:Pasona_building.JPG,CC BY-SA 3.0,Photo: 螺钉 / Wikimedia Commons,Image review 2026-07-04: exact Pasona building exterior accepted via Commons CC BY-SA 3.0.,,,办公楼改造中嵌入都市农场、屋顶花园和食物教育，把工作场所与城市农业连接起来。,都市農業をオフィス空間に埋め込んだ事例。食の生産を見える日常に変え、働く場所と食育を結びつけている。,"Pasona Urban Farm is a reference case for reading Design topic: 都市农业, Design topic: 办公, food education, Design topic: roof花园. It can inform thesis thinking about mixed programs, operation, and place-making.",都市农业|办公|食育|屋顶花园|环境教育,都市農業|オフィス|食育|屋上庭園|環境教育,Design topic: 都市农业|Design topic: 办公|food education|Design topic: roof花园|environmental education,https://konodesigns.com/urban-farm/,2010,Kono Designs,published
CASE-078,Koganeyu,Koganeyu,Koganeyu,Tokyo Japan,東京 日本,Tokyo Japan,/images/graduation/case-placeholder.svg,,,,Image review 2026-07-04: official and article media found but no clear reusable image license confirmed.,,,旧钱汤更新加入桑拿、酒吧和住宿界面，让公共浴场成为跨年龄的街区交流节点。,「Koganeyu」は、公衆浴場・サウナ・街区交流・再生の関係を読み取る参考事例。用途の複合、運営、居場所のつくり方を卒業設計に転用して考えられる。,"Koganeyu is a reference case for reading Design topic: public浴场, Design topic: 桑拿, neighborhoodexchange, regeneration. It can inform thesis thinking about mixed programs, operation, and place-making.",公共浴场|桑拿|街区交流|再生|年轻人,公衆浴場|サウナ|街区交流|再生|若い人,Design topic: public浴场|Design topic: 桑拿|neighborhoodexchange|regeneration|Design topic: 年轻人,https://schemata.jp/koganeyu/,2020,Schemata Architects / Jo Nagasaka,draft
CASE-079,Ebina City Arima Library and Community Center,Ebina City Arima Library and Community Center,Ebina City Arima Library and Community Center,Ebina Japan,Ebina 日本,Ebina Japan,/images/graduation/cases/case-079-ebina-city-arima-library.jpg,https://commons.wikimedia.org/wiki/File:Ebina_City_Arima_Library_201510.JPG,CC BY-SA 4.0,Photo: Oos~commonswiki / Wikimedia Commons,Source-safe image review 2026-07-04: exact Ebina City Arima Library image confirmed through Wikimedia Commons metadata.,,,既有图书馆和社区中心更新，通过温和室内改造提升学习、停留和市民活动体验。,図書館とコミュニティセンターを一体化した地域施設。学習、相談、親子利用、高齢者の滞在を同じ拠点で受け止める参考になる。,"Ebina City Arima Library and Community Center is a reference case for reading library, communitycenter, Design topic: 既有facilityrenewal, learning. It can inform thesis thinking about mixed programs, operation, and place-making.",图书馆|社区中心|既有设施更新|学习|市民活动,図書館|コミュニティセンター|学習|子育て支援|高齢,library|communitycenter|Design topic: 既有facilityrenewal|learning|citizenactivity,https://www.arimalib-kadokomi.com/,2020,MIKAMI Architects,published
CASE-080,Tainan Market,Tainan Market,Tainan Market,Tainan Taiwan,Tainan Taiwan,Tainan Taiwan,/images/graduation/case-placeholder.svg,,,,Image review 2026-07-04: MVRDV/ArchDaily media found but no reusable license confirmed; source URL updated to current MVRDV project page.,,,果菜批发市场通过开放结构和可达绿屋顶转为市场、观景和公共停留复合空间。,「Tainan Market」は、市場・大屋根・都市更新・農産品の関係を読み取る参考事例。用途の複合、運営、居場所のつくり方を卒業設計に転用して考えられる。,"Tainan Market is a reference case for reading market, Design topic: public屋面, urbanrenewal, Design topic: 农产品. It can inform thesis thinking about mixed programs, operation, and place-making.",市场|公共屋面|城市更新|农产品|日常公共性,市場|大屋根|都市更新|農産品|日常公共性,market|Design topic: public屋面|urbanrenewal|Design topic: 农产品|Design topic: 日常publicness,https://www.mvrdv.com/projects/391/tainan-market,2022,MVRDV,draft
CASE-081,Sukagawa Community Center tette,Sukagawa Community Center tette,Sukagawa Community Center tette,Fukushima Japan,Fukushima 日本,Fukushima Japan,https://upload.wikimedia.org/wikipedia/commons/3/3b/Sukagawa_Citizen_Exchange_Center_Tette.jpg,https://commons.wikimedia.org/wiki/File:Sukagawa_Citizen_Exchange_Center_Tette.jpg,CC BY-SA 4.0,Suikotei,Wikimedia Commons verified cover,,,东日本大震灾后的市民交流中心复合图书馆、博物馆、育儿支援和咖啡，重建城市中心的公共生活。,「Sukagawa Community Center tette」は、災後復興・コミュニティセンター・図書館・子育て支援の関係を読み取る参考事例。用途の複合、運営、居場所のつくり方を卒業設計に転用して考えられる。,"Sukagawa Community Center tette is a reference case for reading Design topic: post-disaster复兴, communitycenter, library, childcaresupport. It can inform thesis thinking about mixed programs, operation, and place-making.",灾后复兴|社区中心|图书馆|育儿支援|市民交流,災後復興|コミュニティセンター|図書館|子育て支援|市民交流,Design topic: post-disaster复兴|communitycenter|library|childcaresupport|citizenexchange,https://unemori-archi.com/?works=sukagawa-civic-center-tentative-name,2019,UNEMORI ARCHITECTS + Ishimoto Architectural and Engineering Firm,published
CASE-082,YOKOTE-no-WAGAYA,YOKOTE-no-WAGAYA,YOKOTE-no-WAGAYA,Akita Japan,Akita 日本,Akita Japan,/images/graduation/case-placeholder.svg,,,,Image review 2026-07-04: official project page found but no exact reusable image license confirmed.,,,百年民家被改造为基于地方食文化的社区生成中心，让居民和访客围绕厨房产生交流。,「YOKOTE-no-WAGAYA」は、旧民家・公共キッチン・食文化・地域交流の関係を読み取る参考事例。用途の複合、運営、居場所のつくり方を卒業設計に転用して考えられる。,"YOKOTE-no-WAGAYA is a reference case for reading Design topic: 旧民家, publickitchen, Design topic: 食culture, localexchange. It can inform thesis thinking about mixed programs, operation, and place-making.",旧民家|公共厨房|食文化|地方交流|空屋再生,旧民家|公共キッチン|食文化|地域交流|空き家再生,Design topic: 旧民家|publickitchen|Design topic: 食culture|localexchange|vacant houseregeneration,https://sugawaradaisuke.com/en/projects/yokote-no-wagaya/,2013,SUGAWARADAISUKE Architects,draft
CASE-083,Shima Kitchen,Shima Kitchen,Shima Kitchen,Teshima Japan,Teshima 日本,Teshima Japan,/images/graduation/case-placeholder.svg,,,,Image review 2026-07-04: official and festival media found but no clear reusable image license confirmed.,,,岛上旧民家转为艺术与餐饮场所，用开放厨房和屋檐下露台连接居民、游客和地方食材。,「Shima Kitchen」は、島嶼・公共キッチン・アート・旧民家の関係を読み取る参考事例。用途の複合、運営、居場所のつくり方を卒業設計に転用して考えられる。,"Shima Kitchen is a reference case for reading Design topic: 岛屿, publickitchen, art, Design topic: 旧民家. It can inform thesis thinking about mixed programs, operation, and place-making.",岛屿|公共厨房|艺术|旧民家|地域食,島嶼|公共キッチン|アート|旧民家|地域食,Design topic: 岛屿|publickitchen|art|Design topic: 旧民家|local food,https://aberyo.com/projects/shima-kitchen,2010,Ryo Abe / Architects Atelier Ryo Abe,draft
CASE-084,The Learning Architecture for Learners,The Learning Architecture for Learners,The Learning Architecture for Learners,Tokyo Japan,東京 日本,Tokyo Japan,/images/graduation/case-placeholder.svg,,,,,,,校园欢迎中心把数字木构、制造学习和产学协作可视化，成为学生与社会共同使用的实验场。,「The Learning Architecture for Learners」は、キャンパス開放・ものづくり学習・木構造・産学合作の関係を読み取る参考事例。用途の複合、運営、居場所のつくり方を卒業設計に転用して考えられる。,"The Learning Architecture for Learners is a reference case for reading campusopen, makinglearning, Design topic: 木构, Design topic: 产学合作. It can inform thesis thinking about mixed programs, operation, and place-making.",校园开放|制造学习|木构|产学合作|实验教育,キャンパス開放|ものづくり学習|木構造|産学合作|実験教育,campusopen|makinglearning|Design topic: 木构|Design topic: 产学合作|Design topic: 实验education,https://architects.vuild.co.jp/en/2024/07/09/the-learning-architecture-for-learners/,2023,VUILD Inc.,draft
CASE-085,Maggie's Tokyo,Maggie's Tokyo,Maggie's Tokyo,Tokyo Japan,東京 日本,Tokyo Japan,/images/graduation/case-placeholder.svg,,,,Image review 2026-07-04: Commons and Openverse results were unrelated Maggie/Tokyo images; official and article media license not confirmed.,,,癌症支持中心通过小尺度木质室内、开放厨房、庭院和咨询空间，为病友与家属提供非医院式停留。,「Maggie's Tokyo」は、療養者支援・医療ケア・庭園・開放キッチンの関係を読み取る参考事例。用途の複合、運営、居場所のつくり方を卒業設計に転用して考えられる。,"Maggie's Tokyo is a reference case for reading Design topic: 病友支持, healthcare, courtyard, openkitchen. It can inform thesis thinking about mixed programs, operation, and place-making.",病友支持|医疗照护|庭院|开放厨房|咨询,療養者支援|医療ケア|庭園|開放キッチン|相談,Design topic: 病友支持|healthcare|courtyard|openkitchen|consultation,https://maggiestokyo.org/buildings,2016,Cosmos More / Nikken Sekkei collaborators,draft
CASE-086,Long House with an Engawa Senior Daycare Center,Long House with an Engawa Senior Daycare Center,Long House with an Engawa Senior Daycare Center,Yachiyo Japan,Yachiyo 日本,Yachiyo Japan,/images/graduation/case-placeholder.svg,,,,,,,长屋式日间照护中心用缘侧、咖啡和工坊把老年人的生活客厅向邻里打开。,「Long House with an Engawa Senior Daycare Center」は、高齢者ケア・縁側・日間ケア・コミュニティ交流の関係を読み取る参考事例。用途の複合、運営、居場所のつくり方を卒業設計に転用して考えられる。,"Long House with an Engawa Senior Daycare Center is a reference case for reading Design topic: 老年care, Design topic: 缘侧, Design topic: 日间care, communityexchange. It can inform thesis thinking about mixed programs, operation, and place-making.",老年照护|缘侧|日间照护|社区交流|照护者,高齢者ケア|縁側|日間ケア|コミュニティ交流|ケア者,Design topic: 老年care|Design topic: 缘侧|Design topic: 日间care|communityexchange|Design topic: care者,https://ykdw.org/works/long-house-with-an-engawa/,2022,Yamazaki Kentaro Design Workshop,draft
CASE-087,Kitakami Children Health and Support Center,Kitakami Children Health and Support Center,Kitakami Children Health and Support Center,Kitakami Japan,Kitakami 日本,Kitakami Japan,/images/graduation/case-placeholder.svg,,,,Source review 2026-07-04: official UNEMORI project page confirmed; image remains placeholder because photo reuse rights are not confirmed.,,,市中心商业建筑底层被转为儿童健康与育儿支援中心，用公园式室内降低咨询门槛。,「Kitakami Children Health and Support Center」は、子ども健康・子育て支援・商業体再利用・市センターの関係を読み取る参考事例。用途の複合、運営、居場所のつくり方を卒業設計に転用して考えられる。,"Kitakami Children Health and Support Center is a reference case for reading childrenhealth, childcaresupport, Design topic: 商业体reuse, Design topic: 市center. It can inform thesis thinking about mixed programs, operation, and place-making.",儿童健康|育儿支援|商业体再利用|市中心|咨询,子ども健康|子育て支援|商業体再利用|市センター|相談,childrenhealth|childcaresupport|Design topic: 商业体reuse|Design topic: 市center|consultation,https://unemori-archi.com/?works=kitakami-health-childcare-support-composition-facility,2021,UtA / UNEMORI teco Associates,draft
CASE-088,Towada Community Plaza,Towada Community Plaza,Towada Community Plaza,Towada Japan,Towada 日本,Towada Japan,/images/graduation/case-placeholder.svg,,,,Image review 2026-07-04: Commons and Openverse found no exact reusable image; ArchDaily and official media license not confirmed.,,,社区广场以连续小屋顶回应周边街区尺度，提供居民聚会、活动和日常停留的木质公共空间。,「Towada Community Plaza」は、コミュニティ広場・木構造・小屋根・市民活動の関係を読み取る参考事例。用途の複合、運営、居場所のつくり方を卒業設計に転用して考えられる。,"Towada Community Plaza is a reference case for reading Design topic: community广场, Design topic: 木构, Design topic: 小roof, citizenactivity. It can inform thesis thinking about mixed programs, operation, and place-making.",社区广场|木构|小屋顶|市民活动|街区尺度,コミュニティ広場|木構造|小屋根|市民活動|街区尺度,Design topic: community广场|Design topic: 木构|Design topic: 小roof|citizenactivity|Design topic: neighborhood尺度,https://kkaa.co.jp/en/project/towada-city-plaza/,2014,Kengo Kuma and Associates,draft
CASE-089,Het Hof van Cartesius,Het Hof van Cartesius,Het Hof van Cartesius,Utrecht Netherlands,Utrecht Netherlands,Utrecht Netherlands,/images/graduation/cases/case-089-het-hof-van-cartesius.jpg,https://www.flickr.com/photos/141420435@N08/52620631677,CC BY-SA 2.0,Photo: nandasluijsmans / Flickr,Image review 2026-07-04: accepted exact Hof van Cartesius courtyard and circular facade image via Openverse/Flickr CC BY-SA 2.0.,,,循环经济合作社用二手和生物基材料建造创意工坊群，展示修理、再利用和小企业共生模式。,再利用材を使った小規模事業者と制作コミュニティの拠点。仕事、制作、交流が段階的に増殖する運営モデルを比較できる。,"Het Hof van Cartesius is a reference case for reading circular economy, repairworkshop, reuse, Design topic: 创意industry. It can inform thesis thinking about mixed programs, operation, and place-making.",循环经济|修理工坊|再利用|创意产业|合作社,共創|再利用|小規模事業|制作|循環,circular economy|repairworkshop|reuse|Design topic: 创意industry|Design topic: 合作社,https://www.hofvancartesius.nl/blog/hof-van-cartesius-a-place-where-people-thrive,2017,Hof van Cartesius cooperative,published
CASE-090,HOME-FOR-ALL in Rikuzentakata,HOME-FOR-ALL in Rikuzentakata,HOME-FOR-ALL in Rikuzentakata,Iwate Japan,Iwate 日本,Iwate Japan,/images/graduation/case-placeholder.svg,,,,"Image review 2026-07-04: Commons/Openverse results were Venice Biennale exhibition or model photos, not built Rikuzentakata project cover.",,,灾后小型共同客厅为失去住宅的居民提供谈话、休息和恢复日常感的公共场所。,「HOME-FOR-ALL in Rikuzentakata」は、災後復興・共同リビング・コミュニティ記憶・小規模の関係を読み取る参考事例。用途の複合、運営、居場所のつくり方を卒業設計に転用して考えられる。,"HOME-FOR-ALL in Rikuzentakata is a reference case for reading Design topic: post-disaster复兴, shared living room, Design topic: community记忆, Design topic: 小尺度. It can inform thesis thinking about mixed programs, operation, and place-making.",灾后复兴|共同客厅|社区记忆|小尺度|木构,災後復興|共同リビング|コミュニティ記憶|小規模|木構造,Design topic: post-disaster复兴|shared living room|Design topic: community记忆|Design topic: 小尺度|Design topic: 木构,https://en.shelter.inc/our-works/home-for-all-in-rikuzentakata/,2012,Toyo Ito + Kumiko Inui + Sou Fujimoto + Akihisa Hirata,draft
CASE-091,Maruhon MakiArt Terrace Ishinomaki Cultural Center,Maruhon MakiArt Terrace Ishinomaki Cultural Center,Maruhon MakiArt Terrace Ishinomaki Cultural Center,Ishinomaki Japan,Ishinomaki 日本,Ishinomaki Japan,/images/graduation/case-placeholder.svg,,,,Image review 2026-07-04: Commons and Openverse found no exact reusable image; article and official media license not confirmed.,,,灾后文化中心以连续大厅串联剧场、展示和学习功能，成为城市复兴和集体记忆的公共节点。,災後の文化センターとして、劇場、展示、学習、交流を連続するホールでつなぐ事例。復興と公共記憶の関係を読める。,"Maruhon MakiArt Terrace Ishinomaki Cultural Center is a reference case for reading Design topic: post-disaster复兴, culturecenter, Design topic: 剧场, learningspace. It can inform thesis thinking about mixed programs, operation, and place-making.",灾后复兴|文化中心|剧场|学习空间|城市记忆,災後復興|文化センター|劇場|学習空間|都市記憶,Design topic: post-disaster复兴|culturecenter|Design topic: 剧场|learningspace|Design topic: urban记忆,https://ishinomaki-fukugo.net/makiart/,2021,Sou Fujimoto Architects,draft
CASE-092,Ishikawa Prefectural Library,Ishikawa Prefectural Library,Ishikawa Prefectural Library,Kanazawa Japan,金沢 日本,Kanazawa Japan,/images/graduation/cases/case-092-ishikawa-prefectural-library.jpg,https://commons.wikimedia.org/wiki/File:Ishikawa_Prefectural_Library_2022-07_ac_(1).jpg,CC BY-SA 4.0,Photo: Asturio Cantabrio / Wikimedia Commons,Source-safe image review 2026-07-04: exact new library image confirmed through Wikimedia Commons metadata.,,,大型公共图书馆通过环形书架、阶梯阅读和交流空间，把阅读设施转为开放文化客厅。,大きな閲覧空間と多様な滞在場所を持つ県立図書館。調べる、相談する、休む、学ぶ行為を広く受け止める公共性を読める。,"Ishikawa Prefectural Library is a reference case for reading library, cultureexchange, learning, Design topic: 无障碍. It can inform thesis thinking about mixed programs, operation, and place-making.",图书馆|文化交流|学习|无障碍|公共客厅,図書館|学習|地域拠点|滞在|情報相談,library|cultureexchange|learning|Design topic: 无障碍|public living room,https://www.library.pref.ishikawa.lg.jp/category/aboutlibrary/2983.html,2022,Environmental Design Institute Mitsuru Senda,published
CASE-093,Seijo Kinoshita Hospital Green Hospital,Seijo Kinoshita Hospital Green Hospital,Seijo Kinoshita Hospital Green Hospital,Tokyo Japan,東京 日本,Tokyo Japan,/images/graduation/case-placeholder.svg,,,,,,,女性医疗医院用木格栅、庭院和柔和界面降低机构感，让医疗空间接近邻里住宅尺度。,「Seijo Kinoshita Hospital Green Hospital」は、女性健康・医院・庭園・木格栅の関係を読み取る参考事例。用途の複合、運営、居場所のつくり方を卒業設計に転用して考えられる。,"Seijo Kinoshita Hospital Green Hospital is a reference case for reading womenhealth, Design topic: 医院, courtyard, Design topic: 木格栅. It can inform thesis thinking about mixed programs, operation, and place-making.",女性健康|医院|庭院|木格栅|邻里尺度,女性健康|医院|庭園|木格栅|近隣尺度,womenhealth|Design topic: 医院|courtyard|Design topic: 木格栅|Design topic: 邻里尺度,https://kkaa.co.jp/en/project/seijo-kinoshita-hospital-green-hospital/,2017,Kengo Kuma and Associates,draft
CASE-094,Takanawa Gateway Station,Takanawa Gateway Station,Takanawa Gateway Station,Tokyo Japan,東京 日本,Tokyo Japan,/images/graduation/cases/case-094-takanawa-gateway-station.jpg,https://commons.wikimedia.org/wiki/File:Takanawa_Gateway_Station_(50011454533).jpg,CC BY 2.0,Photo: Dick Thomas Johnson / Wikimedia Commons,Source-safe image review 2026-07-04: exact station image confirmed through Wikimedia Commons metadata.,,,新车站以大屋顶和开放站厅回应再开发街区，把交通节点转为城市入口和活动平台。,駅を都市の移動拠点としてだけでなく、木架構、案内、滞留を含む公共空間として設計した事例。歩行支援の視点で読める。,"Takanawa Gateway Station is a reference case for reading station, Design topic: transport枢纽, urbanentry, Design topic: 大roof. It can inform thesis thinking about mixed programs, operation, and place-making.",车站|交通枢纽|城市入口|大屋顶|再开发,駅|交通|木架構|歩行|都市インフラ,station|Design topic: transport枢纽|urbanentry|Design topic: 大roof|Design topic: 再开发,https://kkaa.co.jp/en/project/takanawa-gateway-station/,2020,Kengo Kuma and Associates,published
CASE-095,Nakajima Library Akita International University,Nakajima Library Akita International University,Nakajima Library Akita International University,Akita Japan,Akita 日本,Akita Japan,/images/graduation/cases/case-095-nakajima-library-akita-international-university.jpg,https://commons.wikimedia.org/wiki/File:Inside_Nakajima_Library.jpg,CC BY-SA 4.0,Photo: Mariwlqs / Wikimedia Commons,Source-safe image review 2026-07-04: exact Nakajima Library interior image confirmed through Wikimedia Commons category and file metadata.,,,24小时大学图书馆以本之竞技场组织学习，提供全天候、安静且高度集中的知识空间。,大学図書館の静かな学習環境。集中、滞在、資料探索を支え、学校外の学びや制作前の調査空間として比較できる。,"Nakajima Library Akita International University is a reference case for reading nightlearning, Design topic: 大学library, Design topic: 24小时, Design topic: 木构. It can inform thesis thinking about mixed programs, operation, and place-making.",夜间学习|大学图书馆|24小时|木构|自习,図書館|大学|学習|静かな滞在|資料探索,nightlearning|Design topic: 大学library|Design topic: 24小时|Design topic: 木构|Design topic: 自习,https://web.aiu.ac.jp/en/education/support/library/outline/,2008,Mitsuru Senda,published
CASE-096,Japanese American Community and Cultural Center,Japanese American Community and Cultural Center,Japanese American Community and Cultural Center,Los Angeles USA,Los Angeles USA,Los Angeles USA,/images/graduation/cases/case-096-japanese-american-community-cultural-center.jpg,https://commons.wikimedia.org/wiki/File:Japanese_American_Cultural_and_Community_Center_%26_Frances_Hashimoto_Plaza.jpg,CC BY-SA 4.0,Photo: Another Believer / Wikimedia Commons,Image review 2026-07-04: accepted exact JACCC and Frances Hashimoto Plaza image via Wikimedia Commons CC BY-SA 4.0.,,,文化中心与广场承接族群记忆、表演和公共活动，展示多文化社区如何建立归属感。,日系アメリカ人コミュニティの文化拠点。展示、集会、教育を通じて、移民の記憶と公共文化を支える事例として読める。,"Japanese American Community and Cultural Center is a reference case for reading multicultural, communityculture, Design topic: 表演, Design topic: 广场. It can inform thesis thinking about mixed programs, operation, and place-making.",多文化|社区文化|表演|广场|族群记忆,多文化|コミュニティ|文化センター|公共記憶|移民,multicultural|communityculture|Design topic: 表演|Design topic: 广场|Design topic: 族群记忆,https://www.laconservancy.org/learn/historic-places/japanese-american-community-and-cultural-center/,1983,Kazumi Adachi + Kiyoshi Sawano + Hideo Matsunaga + Isamu Noguchi,published
CASE-097,Women's Opportunity Center Rwanda,Women's Opportunity Center Rwanda,Women's Opportunity Center Rwanda,Kayonza Rwanda,Kayonza Rwanda,Kayonza Rwanda,/images/graduation/case-placeholder.svg,,,,,,,女性中心以小尺度砖砌院落组织培训、市场和合作社活动，支持安全、学习和经济自立。,「Women's Opportunity Center Rwanda」は、女性支援・自立職業訓練・院落・市場の関係を読み取る参考事例。用途の複合、運営、居場所のつくり方を卒業設計に転用して考えられる。,"Women's Opportunity Center Rwanda is a reference case for reading women support, Design topic: 自立培训, Design topic: 院落, market. It can inform thesis thinking about mixed programs, operation, and place-making.",女性支援|自立培训|院落|市场|社会基础设施,女性支援|自立職業訓練|院落|市場|社会基盤施設,women support|Design topic: 自立培训|Design topic: 院落|market|Design topic: 社会基础facility,https://sharondavisdesign.com/project/womens-opportunity-center-rwanda/,2013,Sharon Davis Design,draft
CASE-098,Helsinki Central Library Oodi,Helsinki Central Library Oodi,Helsinki Central Library Oodi,Helsinki Finland,Helsinki Finland,Helsinki Finland,/images/graduation/cases/case-098-helsinki-central-library-oodi.jpg,https://commons.wikimedia.org/wiki/File:Helsinki_Central_Library_Oodi_from_north.jpg,CC0,Photo: TuukkaH / Wikimedia Commons,Source-safe image review 2026-07-04: exact exterior image confirmed through Wikimedia Commons metadata.,,,中央图书馆把阅读、制作、活动和城市阳台复合，成为免费、安全、开放的市民客厅。,図書館を読書だけでなく、制作、学習、市民活動のプラットフォームとして開く事例。多様な利用者が滞在できる公共性を読める。,"Helsinki Central Library Oodi is a reference case for reading library, Design topic: citizen客厅, makingspace, Design topic: urban阳台. It can inform thesis thinking about mixed programs, operation, and place-making.",图书馆|市民客厅|制作空间|城市阳台|公共性,図書館|市民活動|学習|制作|開放性,library|Design topic: citizen客厅|makingspace|Design topic: urban阳台|publicness,https://oodihelsinki.fi/en/what-is-oodi/architecture/,2018,ALA Architects,published
CASE-099,Tate Modern,Tate Modern,Tate Modern,London UK,London UK,London UK,/images/graduation/cases/case-099-tate-modern.jpg,https://commons.wikimedia.org/wiki/File:Tate_Modern_London_June_2016.jpg,CC BY-SA 4.0,Photo: King of Hearts / Wikimedia Commons,Source-safe image review 2026-07-04: exact Tate Modern image confirmed through Wikimedia Commons metadata.,,,旧发电站转为当代美术馆，以涡轮大厅和新展览空间展示产业遗产再利用的公共力量。,旧発電所を美術館へ転用した事例。産業遺産を壊さず、巨大な内部空間を都市の文化拠点へ変える方法を比較できる。,"Tate Modern is a reference case for reading industrial heritage, art museum, Design topic: 发电站regeneration, Design topic: public大厅. It can inform thesis thinking about mixed programs, operation, and place-making.",产业遗产|美术馆|发电站再生|公共大厅|文化设施,産業遺産|美術館|再利用|公共空間|都市文化,industrial heritage|art museum|Design topic: 发电站regeneration|Design topic: public大厅|culturefacility,https://www.herzogdemeuron.com/projects/126-tate-modern/,2000,Herzog and de Meuron,published
CASE-100,Portland Japanese Garden Cultural Village,Portland Japanese Garden Cultural Village,Portland Japanese Garden Cultural Village,Portland USA,Portland USA,Portland USA,/images/graduation/cases/case-100-portland-japanese-garden-cultural-village.jpg,https://commons.wikimedia.org/wiki/File:Tsubo-Niwa_at_Portland_Japanese_Garden.jpg,CC BY-SA 4.0,Photo: WLernerPJG / Wikimedia Commons,Commons image matches Portland Japanese Garden Cultural Village courtyard context; accepted under CC BY-SA 4.0 in 2026-07-04 review.,,,文化村以庭院和小尺度建筑组织学习、接待和自然体验，连接跨文化教育与景观公共性。,庭園、学習、接待を小さな建築群で組み立てる文化村。自然体験と文化理解を、説明よりも滞在の流れで伝えている。,"Portland Japanese Garden Cultural Village is a reference case for reading Design topic: 跨culture, courtyard, natureeducation, Design topic: culture村. It can inform thesis thinking about mixed programs, operation, and place-making.",跨文化|庭院|自然教育|文化村|接待,多文化|庭園|自然教育|文化村|接待,Design topic: 跨culture|courtyard|natureeducation|Design topic: culture村|Design topic: 接待,https://kkaa.co.jp/en/project/portland-japanese-garden-cultural-village/,2017,Kengo Kuma and Associates,published
CASE-101,Dokk1,Dokk1,Dokk1,Aarhus Denmark,オーフス デンマーク,Aarhus Denmark,https://upload.wikimedia.org/wikipedia/commons/5/51/Dokk1_version_3.jpg,https://commons.wikimedia.org/wiki/File:Dokk1_version_3.jpg,CC BY-SA 4.0,Wikimedia Commons,,,,图书馆、市民服务、交通和港湾广场复合成城市客厅。,図書館、市民サービス、交通、港の広場を重ねた大型公共リビング。駅前や水辺の学習拠点を考える参考になる。,"A hybrid civic library combining library, citizen service, transit, and harbor public space.",图书馆|市民服务|港湾|公共客厅|交通,図書館|市民サービス|港|公共リビング|交通,library|citizen service|harbor|public living room|transit,https://www.shl.dk/en/work/dokk1-aarhus-central-library-and-culture-house/experience,2015,Schmidt Hammer Lassen Architects,published
CASE-102,Kiasma Museum of Contemporary Art,Kiasma Museum of Contemporary Art,Kiasma Museum of Contemporary Art,Helsinki Finland,ヘルシンキ フィンランド,Helsinki Finland,https://upload.wikimedia.org/wikipedia/commons/4/47/Kiasma_museum%2C_Helsinki.jpg,"https://commons.wikimedia.org/wiki/File:Kiasma_museum,_Helsinki.jpg",CC BY-SA 4.0,Cynefin / Wikimedia Commons,,,,以柔和动线和自然光组织当代艺术、美术馆入口和城市界面。,自然光と曲線的な動線で展示室、入口、都市との接点をつなぐ美術館。静けさと公共性の両方を読む参考になる。,"A contemporary art museum organized through light, curved movement, and a strong urban threshold.",美术馆|自然光|城市界面|展览|静谧,美術館|自然光|都市界面|展示|静けさ,museum|natural light|urban interface|exhibition|quietness,https://www.stevenholl.com/project/kiasma-museum/,1998,Steven Holl Architects,published
CASE-103,"21st Century Museum of Contemporary Art, Kanazawa",金沢21世紀美術館,"21st Century Museum of Contemporary Art, Kanazawa",Kanazawa Japan,金沢 日本,Kanazawa Japan,https://upload.wikimedia.org/wikipedia/commons/b/bf/21st_Century_Museum_of_Contemporary_Art%2C_Kanazawa001.jpg,"https://commons.wikimedia.org/wiki/File:21st_Century_Museum_of_Contemporary_Art,_Kanazawa001.jpg",CC BY 2.1 jp,金沢市 / Wikimedia Commons,,,,圆形平面把美术馆变成可从多方向进入的城市公共场。,円形平面と複数の入口により、美術館を街に開いた公共広場のように扱う事例。市民利用と展示の境界を読める。,A circular museum that opens to the city from multiple directions and works like a civic field.,美术馆|市民广场|公共性|多入口|地域文化,美術館|市民広場|公共性|複数入口|地域文化,museum|civic plaza|publicness|multiple entrances|regional culture,https://www.kanazawa21.jp/,2004,SANAA,published
CASE-104,Seattle Central Library,Seattle Central Library,Seattle Central Library,Seattle United States,シアトル アメリカ,Seattle United States,https://upload.wikimedia.org/wikipedia/commons/3/34/Seattle_%28WA%2C_USA%29%2C_Seattle_Central_Library_--_2022_--_200930.jpg,"https://commons.wikimedia.org/wiki/File:Seattle_(WA,_USA),_Seattle_Central_Library_--_2022_--_200930.jpg",CC BY-SA 4.0,Dietmar Rabich / Wikimedia Commons,,,,把图书馆程序堆叠成透明的城市知识基础设施。,図書館の機能を積層し、透明な都市インフラとして表現した事例。情報、閲覧、移動、公共性の関係を比較できる。,A transparent civic knowledge infrastructure formed by stacking library programs.,图书馆|知识基础设施|透明|城市中心|学习,図書館|知識インフラ|透明性|都心|学習,library|knowledge infrastructure|transparency|city center|learning,https://www.oma.com/projects/seattle-central-library,2004,OMA + LMN Architects,published
CASE-105,Deichman Bjørvika,Deichman Bjørvika,Deichman Bjørvika,Oslo Norway,オスロ ノルウェー,Oslo Norway,https://upload.wikimedia.org/wikipedia/commons/3/32/Deichman_Bj%C3%B8rvika%2C_Oslo_-_53132063275.jpg,"https://commons.wikimedia.org/wiki/File:Deichman_Bj%C3%B8rvika,_Oslo_-_53132063275.jpg",CC BY-SA 2.0,charlotte henard / Wikimedia Commons,,,,海边图书馆把学习、制作、剧场和城市客厅叠合在一起。,水辺の図書館に、学習、制作、劇場、カフェ、都市のリビングを重ねた事例。駅前や港の公共施設を考える参考になる。,"A waterfront library combining learning, making, performance, cafe, and civic living room functions.",图书馆|水边|市民活动|制作|城市客厅,図書館|水辺|市民活動|制作|都市リビング,library|waterfront|civic activity|making|urban living room,https://www.lundhagem.no/work/deichman-library,2020,Lundhagem + Atelier Oslo,published
CASE-106,Rolex Learning Center,Rolex Learning Center,Rolex Learning Center,Lausanne Switzerland,ローザンヌ スイス,Lausanne Switzerland,https://upload.wikimedia.org/wikipedia/commons/b/ba/EPFL_Rolex_Learning_Center-005.jpg,https://commons.wikimedia.org/wiki/File:EPFL_Rolex_Learning_Center-005.jpg,CC BY-SA 4.0,Fridolin freudenfett / Wikimedia Commons,,,,连续地景式楼板把学习、交流、休息和校园动线连接起来。,起伏する一枚の床で、学習、交流、休憩、キャンパス動線を連続させた事例。境界の少ない学習空間を考える参考になる。,"A continuous landscape-like floor linking learning, encounter, rest, and campus circulation.",学习中心|校园|连续地景|交流|开放学习,学習センター|キャンパス|連続地形|交流|開放学習,learning center|campus|continuous landscape|exchange|open learning,https://www.archdaily.com/53536/rolex-learning-center-sanaa-by-iwan-baan,2010,SANAA,published
CASE-107,National Taichung Theater,台中国家歌劇院,National Taichung Theater,Taichung Taiwan,台中 台湾,Taichung Taiwan,https://commons.wikimedia.org/wiki/Special:Redirect/file/National%20Taichung%20Theater%2020180523.jpg,https://commons.wikimedia.org/wiki/File:National_Taichung_Theater_20180523.jpg,CC BY 4.0,Robert (S099001) / Wikimedia Commons,,,,表演厅、公共大厅和连续曲面空间共同构成城市文化地标。,劇場、公共ロビー、連続する曲面空間が都市の文化拠点をつくる事例。鑑賞前後の滞在や市民利用を考えられる。,"A performing arts complex where theaters, public foyers, and curved spatial continuity form a civic landmark.",剧场|文化地标|公共大厅|表演|城市活动,劇場|文化拠点|公共ロビー|上演|都市活動,theater|cultural landmark|public foyer|performance|urban activity,https://www.toyo-ito.co.jp/WWW/Project_Descript/2016-/2016-p_01/2016-p_01_en.html,2016,Toyo Ito & Associates,published
CASE-108,Centre Pompidou-Metz,Centre Pompidou-Metz,Centre Pompidou-Metz,Metz France,メス フランス,Metz France,https://upload.wikimedia.org/wikipedia/commons/3/32/Mus%C3%A9e%2C_Centre_Pompidou_de_Metz.jpg,"https://commons.wikimedia.org/wiki/File:Mus%C3%A9e,_Centre_Pompidou_de_Metz.jpg",CC BY-SA 4.0,Celeda / Wikimedia Commons,,,,大屋根下に展示、広场和城市活动を包み込む文化拠点。,大きな屋根の下に展示、広場、イベント、都市の通り抜けを受け止める美術館。文化施設と都市活動の重ね方を読める。,"A museum under a large roof that receives exhibition, plaza, events, and urban movement.",美术馆|大屋根|市民广场|展示|文化活动,美術館|大屋根|市民広場|展示|文化活動,museum|large roof|civic plaza|exhibition|cultural activity,https://shigerubanarchitects.com/works/cultural/centre-pompidou-metz/,2010,Shigeru Ban Architects + Jean de Gastines,published
CASE-109,Kunsthaus Graz,Kunsthaus Graz,Kunsthaus Graz,Graz Austria,グラーツ オーストリア,Graz Austria,https://upload.wikimedia.org/wikipedia/commons/3/38/Graz_Kunsthaus-4476.jpg,https://commons.wikimedia.org/wiki/File:Graz_Kunsthaus-4476.jpg,CC BY-SA 4.0,Isiwal / Wikimedia Commons,,,,历史街区の中に強い現代美術館を挿入し、都市の記憶と新しい文化を対比させる。,歴史的街区に強い造形の現代美術館を挿入した事例。保存、更新、入口、都市景観の対比を考える参考になる。,"A contemporary art museum inserted into a historic urban fabric, contrasting memory and new cultural identity.",美术馆|历史街区|城市更新|入口|文化地标,美術館|歴史街区|都市更新|入口|文化拠点,museum|historic district|urban renewal|entrance|cultural landmark,https://www.museum-joanneum.at/kunsthaus-graz,2003,Peter Cook and Colin Fournier,published
CASE-110,The High Line,The High Line,The High Line,New York United States,ニューヨーク アメリカ,New York United States,https://upload.wikimedia.org/wikipedia/commons/f/f7/High_Line_20th_Street_looking_downtown.jpg,https://commons.wikimedia.org/wiki/File:High_Line_20th_Street_looking_downtown.jpg,CC BY-SA 3.0,David Berkowitz / Wikimedia Commons,,,,废弃高架货运线被转化为线形公园和城市步行体验。,使われなくなった高架鉄道を、線形公園、歩行、休憩、都市眺望へ転換した事例。細長い公共空間の運営を考えられる。,A former elevated freight line transformed into a linear park and urban walking experience.,线形公园|高架|步行|都市更新|休憩,線形公園|高架|歩行|都市更新|休憩,linear park|elevated infrastructure|walking|urban renewal|rest,https://www.thehighline.org/history/,2009,James Corner Field Operations + Diller Scofidio + Renfro,published
CASE-111,Superkilen,Superkilen,Superkilen,Copenhagen Denmark,コペンハーゲン デンマーク,Copenhagen Denmark,https://upload.wikimedia.org/wikipedia/commons/1/10/Superkilen_Park%2C_Copenhagen_%2839688100743%29.jpg,"https://commons.wikimedia.org/wiki/File:Superkilen_Park,_Copenhagen_(39688100743).jpg",CC BY-SA 2.0,mike / Wikimedia Commons,,,,多国籍な都市家具と色面で線形公園をつくり、移民地区の公共空間を可視化した事例。,多国籍な都市家具と色面で線形公園をつくり、移民地区の公共空間を可視化した事例。,"Reference case for Superkilen: useful for comparing public program, urban interface, operation, and spatial experience.",線形公園|多文化|都市家具|歩行|公共空間,線形公園|多文化|都市家具|歩行|公共空間,線形公園|多文化|都市家具|歩行|公共空間,https://big.dk/projects/superkilen-151,2012,BIG + Topotek1 + Superflex,published
CASE-112,Peckham Library,Peckham Library,Peckham Library,London United Kingdom,ロンドン イギリス,London United Kingdom,https://commons.wikimedia.org/wiki/Special:Redirect/file/Peckham%20library%20exterior%201.jpg,https://commons.wikimedia.org/wiki/File:Peckham_library_exterior_1.jpg,CC BY-SA 3.0,Mcginnly / Wikimedia Commons,,,,図書館を高く持ち上げ、街に開いた入口と学習空間をつくった事例。地域の知識拠点と象徴性を比較できる。,図書館を高く持ち上げ、街に開いた入口と学習空間をつくった事例。地域の知識拠点と象徴性を比較できる。,"Reference case for Peckham Library: useful for comparing public program, urban interface, operation, and spatial experience.",図書館|地域学習|公共入口|都市象徴|若者,図書館|地域学習|公共入口|都市象徴|若者,図書館|地域学習|公共入口|都市象徴|若者,https://www.architecture.com/explore-architecture/inside-the-riba-collections/peckham-library,2000,Alsop and Störmer,published
CASE-113,Bibliotheca Alexandrina,Bibliotheca Alexandrina,Bibliotheca Alexandrina,Alexandria Egypt,アレクサンドリア エジプト,Alexandria Egypt,https://upload.wikimedia.org/wikipedia/commons/e/e3/Bibliotheca_Alexandrina-Grafemi.jpg,https://commons.wikimedia.org/wiki/File:Bibliotheca_Alexandrina-Grafemi.jpg,CC BY-SA 3.0,Ninlil / Wikimedia Commons,,,,巨大な図書館を都市、海、研究、文化記憶と結びつけた事例。知識施設を都市スケールで考える参考になる。,巨大な図書館を都市、海、研究、文化記憶と結びつけた事例。知識施設を都市スケールで考える参考になる。,"Reference case for Bibliotheca Alexandrina: useful for comparing public program, urban interface, operation, and spatial experience.",図書館|文化記憶|研究|海辺|公共性,図書館|文化記憶|研究|海辺|公共性,図書館|文化記憶|研究|海辺|公共性,https://www.snohetta.com/projects/bibliotheca-alexandrina,2002,Snøhetta,published
CASE-114,LocHal Library,LocHal Library,LocHal Library,Tilburg Netherlands,ティルブルフ オランダ,Tilburg Netherlands,https://upload.wikimedia.org/wikipedia/commons/e/e8/Exterieur_aanzicht_Bibliotheek_LocHal_Tilburg%2C_april_2019.jpg,"https://commons.wikimedia.org/wiki/File:Exterieur_aanzicht_Bibliotheek_LocHal_Tilburg,_april_2019.jpg",CC BY-SA 4.0,OlafJanssen / Wikimedia Commons,,,,旧鉄道工場を図書館、制作、イベント、学習の場に転用した事例。産業遺産と知識空間の接続を読める。,旧鉄道工場を図書館、制作、イベント、学習の場に転用した事例。産業遺産と知識空間の接続を読める。,"Reference case for LocHal Library: useful for comparing public program, urban interface, operation, and spatial experience.",図書館|産業遺産|再利用|制作|市民活動,図書館|産業遺産|再利用|制作|市民活動,図書館|産業遺産|再利用|制作|市民活動,https://www.mecanoo.nl/Projects/project/214/LocHal-Library,2019,Civic Architects + Braaksma & Roos + Mecanoo,published
CASE-115,Idea Store Whitechapel,Idea Store Whitechapel,Idea Store Whitechapel,London United Kingdom,ロンドン イギリス,London United Kingdom,https://upload.wikimedia.org/wikipedia/commons/8/81/Idea_store_2.jpg,https://commons.wikimedia.org/wiki/File:Idea_store_2.jpg,CC BY-SA 3.0,Mcginnly / Wikimedia Commons,,,,図書館と生涯学習を商店街のような日常動線に重ねた事例。多文化地域の学習入口として比較できる。,図書館と生涯学習を商店街のような日常動線に重ねた事例。多文化地域の学習入口として比較できる。,"Reference case for Idea Store Whitechapel: useful for comparing public program, urban interface, operation, and spatial experience.",図書館|生涯学習|多文化|商店街|公共サービス,図書館|生涯学習|多文化|商店街|公共サービス,図書館|生涯学習|多文化|商店街|公共サービス,https://www.adjaye.com/work/idea-store-whitechapel/,2005,Adjaye Associates,published
CASE-116,Markthal Rotterdam,Markthal Rotterdam,Markthal Rotterdam,Rotterdam Netherlands,ロッテルダム オランダ,Rotterdam Netherlands,https://upload.wikimedia.org/wikipedia/commons/b/be/Rotterdam%2C_het_Potlood_door_de_Markthallen_heen_foto5_2016-02-28_10.46.jpg,"https://commons.wikimedia.org/wiki/File:Rotterdam,_het_Potlood_door_de_Markthallen_heen_foto5_2016-02-28_10.46.jpg",CC BY-SA 4.0,Michielverbeek / Wikimedia Commons,,,,市場、住宅、観光、都市広場を大きなアーチの中にまとめた事例。日常の食と都市の賑わいを扱える。,市場、住宅、観光、都市広場を大きなアーチの中にまとめた事例。日常の食と都市の賑わいを扱える。,"Reference case for Markthal Rotterdam: useful for comparing public program, urban interface, operation, and spatial experience.",市場|大屋根|食文化|都市広場|複合用途,市場|大屋根|食文化|都市広場|複合用途,市場|大屋根|食文化|都市広場|複合用途,https://www.mvrdv.com/projects/115/markthal,2014,MVRDV,published
CASE-117,Oslo Opera House,Oslo Opera House,Oslo Opera House,Oslo Norway,オスロ ノルウェー,Oslo Norway,https://upload.wikimedia.org/wikipedia/commons/5/5a/Oslo_Opera_House_%28Den_Norske_Opera_%26_Ballett%29%2C_Norway.jpg,"https://commons.wikimedia.org/wiki/File:Oslo_Opera_House_(Den_Norske_Opera_%26_Ballett),_Norway.jpg",CC BY-SA 4.0,Christian David / Wikimedia Commons,,,,屋根を都市の歩行広場として開放し、劇場を水辺の公共地形にした事例。入口と都市開放性を読める。,屋根を都市の歩行広場として開放し、劇場を水辺の公共地形にした事例。入口と都市開放性を読める。,"Reference case for Oslo Opera House: useful for comparing public program, urban interface, operation, and spatial experience.",劇場|水辺|公共屋根|都市入口|歩行,劇場|水辺|公共屋根|都市入口|歩行,劇場|水辺|公共屋根|都市入口|歩行,https://www.snohetta.com/projects/norwegian-national-opera-and-ballet,2008,Snøhetta,published
CASE-118,MAXXI,MAXXI,MAXXI,Rome Italy,ローマ イタリア,Rome Italy,https://upload.wikimedia.org/wikipedia/commons/3/30/L%27int%C3%A9rieur_du_MAXXI_%28Rome%29_%2834216328131%29.jpg,https://commons.wikimedia.org/wiki/File:L%27int%C3%A9rieur_du_MAXXI_(Rome)_(34216328131).jpg,CC BY 2.0,Jean-Pierre Dalbéra / Wikimedia Commons,,,,流動的な展示動線で現代美術館を都市的な内部街路として構成した事例。展示と移動の関係を考えられる。,流動的な展示動線で現代美術館を都市的な内部街路として構成した事例。展示と移動の関係を考えられる。,"Reference case for MAXXI: useful for comparing public program, urban interface, operation, and spatial experience.",美術館|展示動線|内部街路|現代文化|都市性,美術館|展示動線|内部街路|現代文化|都市性,美術館|展示動線|内部街路|現代文化|都市性,https://www.zaha-hadid.com/architecture/maxxi/,2009,Zaha Hadid Architects,published
CASE-119,Louvre-Lens,Louvre-Lens,Louvre-Lens,Lens France,ランス フランス,Lens France,https://upload.wikimedia.org/wikipedia/commons/4/4b/PHOTO_LOUVRE_LENS_Lens_2012_SANAA_ARCHITECTURE_DESIGN_1.jpg,https://commons.wikimedia.org/wiki/File:PHOTO_LOUVRE_LENS_Lens_2012_SANAA_ARCHITECTURE_DESIGN_1.jpg,CC BY-SA 4.0,Madeira78 / Wikimedia Commons,,,,低く水平に広がる美術館を公園と接続し、地域再生の文化拠点にした事例。柔らかい公共性を読める。,低く水平に広がる美術館を公園と接続し、地域再生の文化拠点にした事例。柔らかい公共性を読める。,"Reference case for Louvre-Lens: useful for comparing public program, urban interface, operation, and spatial experience.",美術館|公園|地域再生|低層|公共性,美術館|公園|地域再生|低層|公共性,美術館|公園|地域再生|低層|公共性,https://www.louvre.fr/en/explore/the-palace/the-louvre-lens,2012,SANAA,published
CASE-120,Guangzhou Opera House,Guangzhou Opera House,Guangzhou Opera House,Guangzhou China,広州 中国,Guangzhou China,https://upload.wikimedia.org/wikipedia/commons/4/45/Guangzhou_Opera_House_-_53337501049.jpg,https://commons.wikimedia.org/wiki/File:Guangzhou_Opera_House_-_53337501049.jpg,CC BY 2.0,xiquinhosilva / Wikimedia Commons,,,,劇場と都市広場を強い造形で結び、水辺の文化ランドマークをつくった事例。大規模文化施設の入口を比較できる。,劇場と都市広場を強い造形で結び、水辺の文化ランドマークをつくった事例。大規模文化施設の入口を比較できる。,"Reference case for Guangzhou Opera House: useful for comparing public program, urban interface, operation, and spatial experience.",劇場|文化拠点|水辺|都市広場|ランドマーク,劇場|文化拠点|水辺|都市広場|ランドマーク,劇場|文化拠点|水辺|都市広場|ランドマーク,https://www.zaha-hadid.com/architecture/guangzhou-opera-house/,2010,Zaha Hadid Architects,published
CASE-121,Elbphilharmonie,Elbphilharmonie,Elbphilharmonie,Hamburg Germany,ハンブルク ドイツ,Hamburg Germany,https://commons.wikimedia.org/wiki/Special:Redirect/file/Elbphilharmonie%20Hamburg%20Germany.jpg,https://commons.wikimedia.org/wiki/File:Elbphilharmonie_Hamburg_Germany.jpg,CC BY-SA 4.0,Lapscause / Wikimedia Commons,,,,港の倉庫の上にコンサートホールを重ね、都市の水辺と観光、文化を接続した事例。産業遺産更新の参考になる。,港の倉庫の上にコンサートホールを重ね、都市の水辺と観光、文化を接続した事例。産業遺産更新の参考になる。,"Reference case for Elbphilharmonie: useful for comparing public program, urban interface, operation, and spatial experience.",音楽ホール|倉庫再生|港|文化観光|都市景観,音楽ホール|倉庫再生|港|文化観光|都市景観,音楽ホール|倉庫再生|港|文化観光|都市景観,https://www.herzogdemeuron.com/projects/230-elbphilharmonie-hamburg/,2017,Herzog & de Meuron,published
CASE-122,Harpa Concert Hall,Harpa Concert Hall,Harpa Concert Hall,Reykjavik Iceland,レイキャビク アイスランド,Reykjavik Iceland,https://commons.wikimedia.org/wiki/Special:Redirect/file/Harpa%20(4492910359).jpg,https://commons.wikimedia.org/wiki/File:Harpa_(4492910359).jpg,See image source,Wikimedia Commons,,,,港の風景とガラス外皮を結び、音楽、会議、観光を受け止める文化施設。気候と公共性の関係を読める。,港の風景とガラス外皮を結び、音楽、会議、観光を受け止める文化施設。気候と公共性の関係を読める。,"Reference case for Harpa Concert Hall: useful for comparing public program, urban interface, operation, and spatial experience.",音楽ホール|港|ガラス外皮|観光|公共ロビー,音楽ホール|港|ガラス外皮|観光|公共ロビー,音楽ホール|港|ガラス外皮|観光|公共ロビー,https://www.henninglarsen.com/projects/harpa-reykjavik-concert-hall-and-conference-centre,2011,Henning Larsen Architects + Batteríið Architects,published
CASE-123,Aga Khan Museum,Aga Khan Museum,Aga Khan Museum,Toronto Canada,トロント カナダ,Toronto Canada,https://commons.wikimedia.org/wiki/Special:Redirect/file/Aga%20Khan%20Museum%20in%20Toronto%20-%20Entrance.jpg,https://commons.wikimedia.org/wiki/File:Aga_Khan_Museum_in_Toronto_-_Entrance.jpg,CC BY-SA 4.0,JohnOyston / Wikimedia Commons,,,,庭園、水盤、美術館を通じてイスラム文化を公共教育へ開く事例。多文化と静かな学習空間を考えられる。,庭園、水盤、美術館を通じてイスラム文化を公共教育へ開く事例。多文化と静かな学習空間を考えられる。,"Reference case for Aga Khan Museum: useful for comparing public program, urban interface, operation, and spatial experience.",美術館|多文化|庭園|水盤|公共教育,美術館|多文化|庭園|水盤|公共教育,美術館|多文化|庭園|水盤|公共教育,https://www.moriyama-teshima.com/projects/aga-khan-museum/,2014,Fumihiko Maki,published
CASE-124,Moesgaard Museum,Moesgaard Museum,Moesgaard Museum,Aarhus Denmark,オーフス デンマーク,Aarhus Denmark,https://commons.wikimedia.org/wiki/Special:Redirect/file/Moesg%C3%A5rd%20Museum%2C%20New%20building1.JPG,https://commons.wikimedia.org/wiki/File:Moesg%C3%A5rd_Museum%2C_New_building1.JPG,See image source,Wikimedia Commons,,,,斜面の屋根と展示を一体化し、博物館を景観と歩行体験に接続した事例。自然教育や地域記憶に応用できる。,斜面の屋根と展示を一体化し、博物館を景観と歩行体験に接続した事例。自然教育や地域記憶に応用できる。,"Reference case for Moesgaard Museum: useful for comparing public program, urban interface, operation, and spatial experience.",博物館|景観|屋根|自然教育|地域記憶,博物館|景観|屋根|自然教育|地域記憶,博物館|景観|屋根|自然教育|地域記憶,https://www.henninglarsen.com/projects/moesgaard-museum,2014,Henning Larsen Architects,published
CASE-125,VitraHaus,VitraHaus,VitraHaus,Weil am Rhein Germany,ヴァイル・アム・ライン ドイツ,Weil am Rhein Germany,https://commons.wikimedia.org/wiki/Special:Redirect/file/VitraHaus%20in%20Weil%20am%20Rhein%2011.JPG,https://commons.wikimedia.org/wiki/File:VitraHaus_in_Weil_am_Rhein_11.JPG,Public domain,Brücke-Osteuropa / Wikimedia Commons,,,,住宅の原型を積み重ねた展示施設。家具、住まい、ブランド体験、回遊を結びつける参考になる。,住宅の原型を積み重ねた展示施設。家具、住まい、ブランド体験、回遊を結びつける参考になる。,"Reference case for VitraHaus: useful for comparing public program, urban interface, operation, and spatial experience.",展示施設|住宅原型|ブランド体験|回遊|文化観光,展示施設|住宅原型|ブランド体験|回遊|文化観光,展示施設|住宅原型|ブランド体験|回遊|文化観光,https://www.herzogdemeuron.com/projects/246-vitrahaus/,2010,Herzog & de Meuron,published
CASE-126,Metropol Parasol,Metropol Parasol,Metropol Parasol,Seville Spain,セビリア スペイン,Seville Spain,https://commons.wikimedia.org/wiki/Special:Redirect/file/Metropol%20Parasol.JPG,https://commons.wikimedia.org/wiki/File:Metropol_Parasol.JPG,See image source,Wikimedia Commons,,,,大きな木質構造で市場、広場、展望、日陰をつくる事例。暑熱環境と公共活動を同時に扱える。,大きな木質構造で市場、広場、展望、日陰をつくる事例。暑熱環境と公共活動を同時に扱える。,"Reference case for Metropol Parasol: useful for comparing public program, urban interface, operation, and spatial experience.",大屋根|市場|日陰|市民広場|木構造,大屋根|市場|日陰|市民広場|木構造,大屋根|市場|日陰|市民広場|木構造,https://www.jmayerh.de/projects/metropol-parasol,2011,J. Mayer H. Architects,published
CASE-127,CCTV Headquarters,CCTV Headquarters,CCTV Headquarters,Beijing China,北京 中国,Beijing China,https://commons.wikimedia.org/wiki/Special:Redirect/file/CCTV%20Headquarters.jpg,https://commons.wikimedia.org/wiki/File:CCTV_Headquarters.jpg,CC BY-SA 4.0,維基小霸王 / Wikimedia Commons,,,,巨大なループ状の高層建築で制作、管理、都市景観を接続した事例。大規模複合施設の構成を比較できる。,巨大なループ状の高層建築で制作、管理、都市景観を接続した事例。大規模複合施設の構成を比較できる。,"Reference case for CCTV Headquarters: useful for comparing public program, urban interface, operation, and spatial experience.",大規模複合|メディア|高層|都市景観|構造,大規模複合|メディア|高層|都市景観|構造,大規模複合|メディア|高層|都市景観|構造,https://www.oma.com/projects/cctv-headquarters,2012,OMA,published
CASE-128,SESC Pompeia,SESC Pompeia,SESC Pompeia,São Paulo Brazil,サンパウロ ブラジル,São Paulo Brazil,https://commons.wikimedia.org/wiki/Special:Redirect/file/Sesc%20pompeia.JPG,https://commons.wikimedia.org/wiki/File:Sesc_pompeia.JPG,CC BY-SA 3.0,Nevinho / Wikimedia Commons,,,,旧工場をスポーツ、劇場、食堂、滞在の文化センターへ転用した事例。日常の公共性と再利用を学べる。,旧工場をスポーツ、劇場、食堂、滞在の文化センターへ転用した事例。日常の公共性と再利用を学べる。,"Reference case for SESC Pompeia: useful for comparing public program, urban interface, operation, and spatial experience.",工場再生|文化センター|スポーツ|食堂|日常公共性,工場再生|文化センター|スポーツ|食堂|日常公共性,工場再生|文化センター|スポーツ|食堂|日常公共性,https://arquitecturaviva.com/works/sesc-pompeia-factory,1986,Lina Bo Bardi,published
CASE-129,Centre Pompidou,Centre Pompidou,Centre Pompidou,Paris France,パリ フランス,Paris France,https://commons.wikimedia.org/wiki/Special:Redirect/file/Pompidou%20Center%20Paris.jpg,https://commons.wikimedia.org/wiki/File:Pompidou_Center_Paris.jpg,CC BY-SA 4.0,Igor.Zeiger.Photograher / Wikimedia Commons,,,,展示、図書館、広場、都市イベントを外部化した文化センター。巨大公共施設と街の関係を比較できる。,展示、図書館、広場、都市イベントを外部化した文化センター。巨大公共施設と街の関係を比較できる。,"Reference case for Centre Pompidou: useful for comparing public program, urban interface, operation, and spatial experience.",文化センター|図書館|市民広場|展示|都市イベント,文化センター|図書館|市民広場|展示|都市イベント,文化センター|図書館|市民広場|展示|都市イベント,https://www.centrepompidou.fr/en/,1977,Renzo Piano + Richard Rogers,published
CASE-130,Book Mountain,Book Mountain,Book Mountain,Spijkenisse Netherlands,スパイケニッセ オランダ,Spijkenisse Netherlands,https://commons.wikimedia.org/wiki/Special:Redirect/file/Boekenberg%20Spijkenisse.jpg,https://commons.wikimedia.org/wiki/File:Boekenberg_Spijkenisse.jpg,See image source,Wikimedia Commons,,,,本棚を山のように積み上げ、図書館を地域の象徴的な学習風景にした事例。読書と空間体験を結べる。,本棚を山のように積み上げ、図書館を地域の象徴的な学習風景にした事例。読書と空間体験を結べる。,"Reference case for Book Mountain: useful for comparing public program, urban interface, operation, and spatial experience.",図書館|本棚|地域象徴|読書|学習風景,図書館|本棚|地域象徴|読書|学習風景,図書館|本棚|地域象徴|読書|学習風景,https://www.mvrdv.com/projects/53/book-mountain,2012,MVRDV,published
CASE-131,Casa da Música,Casa da Música,Casa da Música,Porto Portugal,ポルト ポルトガル,Porto Portugal,https://commons.wikimedia.org/wiki/Special:Redirect/file/Casa%20da%20M%C3%BAsica%20-%20Porto%2C%20Portugal%2C%202012%20-%20001.jpg,https://commons.wikimedia.org/wiki/File:Casa_da_M%C3%BAsica_-_Porto%2C_Portugal%2C_2012_-_001.jpg,CC BY-SA 4.0,Rafael Lemieszek / Wikimedia Commons,,,,音楽ホールを都市の中の不定形な公共物として配置した事例。ホール、広場、街の接点を読める。,音楽ホールを都市の中の不定形な公共物として配置した事例。ホール、広場、街の接点を読める。,"Reference case for Casa da Música: useful for comparing public program, urban interface, operation, and spatial experience.",音楽ホール|都市広場|文化拠点|公共入口|上演,音楽ホール|都市広場|文化拠点|公共入口|上演,音楽ホール|都市広場|文化拠点|公共入口|上演,https://www.oma.com/projects/casa-da-musica,2005,OMA,published
CASE-132,Zeitz MOCAA,Zeitz MOCAA,Zeitz MOCAA,Cape Town South Africa,ケープタウン 南アフリカ,Cape Town South Africa,https://commons.wikimedia.org/wiki/Special:Redirect/file/Exterior%20Zeitz%20MOCAA%20-%20Museum%20of%20Contermporary%20Art%20Africa.jpg,https://commons.wikimedia.org/wiki/File:Exterior_Zeitz_MOCAA_-_Museum_of_Contermporary_Art_Africa.jpg,See image source,Wikimedia Commons,,,,穀物サイロを現代美術館へ転用した事例。産業遺産、展示、観光、都市再生の関係を読める。,穀物サイロを現代美術館へ転用した事例。産業遺産、展示、観光、都市再生の関係を読める。,"Reference case for Zeitz MOCAA: useful for comparing public program, urban interface, operation, and spatial experience.",産業遺産|美術館|サイロ|再利用|都市再生,産業遺産|美術館|サイロ|再利用|都市再生,産業遺産|美術館|サイロ|再利用|都市再生,https://heatherwick.com/projects/buildings/zeitz-mocaa/,2017,Heatherwick Studio,published
CASE-133,Yokohama International Passenger Terminal,Yokohama International Passenger Terminal,Yokohama International Passenger Terminal,Yokohama Japan,横浜 日本,Yokohama Japan,https://commons.wikimedia.org/wiki/Special:Redirect/file/Yokohama%20International%20Passenger%20Terminal%2011.jpg,https://commons.wikimedia.org/wiki/File:Yokohama_International_Passenger_Terminal_11.jpg,See image source,Wikimedia Commons,,,,屋根、床、広場、動線が連続する港のターミナル。交通施設を都市の公共地形にする参考になる。,屋根、床、広場、動線が連続する港のターミナル。交通施設を都市の公共地形にする参考になる。,"Reference case for Yokohama International Passenger Terminal: useful for comparing public program, urban interface, operation, and spatial experience.",港|ターミナル|公共地形|歩行|都市入口,港|ターミナル|公共地形|歩行|都市入口,港|ターミナル|公共地形|歩行|都市入口,https://www.f-o-a.net/projects/yokohama-international-port-terminal,2002,Foreign Office Architects,published
CASE-134,Phaeno Science Center,Phaeno Science Center,Phaeno Science Center,Wolfsburg Germany,ヴォルフスブルク ドイツ,Wolfsburg Germany,https://commons.wikimedia.org/wiki/Special:Redirect/file/Phaeno%20Wolfsburg.jpg,https://commons.wikimedia.org/wiki/File:Phaeno_Wolfsburg.jpg,See image source,Wikimedia Commons,,,,科学展示を都市の下部空間と持ち上がった大空間で構成した事例。学習、展示、都市動線を比較できる。,科学展示を都市の下部空間と持ち上がった大空間で構成した事例。学習、展示、都市動線を比較できる。,"Reference case for Phaeno Science Center: useful for comparing public program, urban interface, operation, and spatial experience.",科学館|展示|都市動線|高架的空間|学習,科学館|展示|都市動線|高架的空間|学習,科学館|展示|都市動線|高架的空間|学習,https://www.zaha-hadid.com/architecture/phaeno-science-centre/,2005,Zaha Hadid Architects,published
CASE-135,Kunsthal Rotterdam,Kunsthal Rotterdam,Kunsthal Rotterdam,Rotterdam Netherlands,ロッテルダム オランダ,Rotterdam Netherlands,https://commons.wikimedia.org/wiki/Special:Redirect/file/Kunsthal%20Rotterdam%202011.JPG,https://commons.wikimedia.org/wiki/File:Kunsthal_Rotterdam_2011.JPG,Public domain,Mies me / Wikimedia Commons,,,,複数の動線を交差させ、展示と公園、道路、入口を接続した美術館。都市の流れと展示施設の関係を読める。,複数の動線を交差させ、展示と公園、道路、入口を接続した美術館。都市の流れと展示施設の関係を読める。,"Reference case for Kunsthal Rotterdam: useful for comparing public program, urban interface, operation, and spatial experience.",美術館|動線|公園|都市接続|展示,美術館|動線|公園|都市接続|展示,美術館|動線|公園|都市接続|展示,https://www.oma.com/projects/kunsthal,1992,OMA,published
CASE-136,Federation Square,Federation Square,Federation Square,Melbourne Australia,メルボルン オーストラリア,Melbourne Australia,https://commons.wikimedia.org/wiki/Special:Redirect/file/Federation%20Square%20Melbourne.jpg,https://commons.wikimedia.org/wiki/File:Federation_Square_Melbourne.jpg,See image source,Wikimedia Commons,,,,広場、文化施設、交通結節点をまとめた都市の公共室。中心市街地の滞在とイベントを考える参考になる。,広場、文化施設、交通結節点をまとめた都市の公共室。中心市街地の滞在とイベントを考える参考になる。,"Reference case for Federation Square: useful for comparing public program, urban interface, operation, and spatial experience.",市民広場|文化施設|交通結節点|イベント|都市リビング,市民広場|文化施設|交通結節点|イベント|都市リビング,市民広場|文化施設|交通結節点|イベント|都市リビング,https://fedsquare.com/,2002,Lab Architecture Studio + Bates Smart,published
CASE-137,Library of Birmingham,Library of Birmingham,Library of Birmingham,Birmingham United Kingdom,バーミンガム イギリス,Birmingham United Kingdom,https://commons.wikimedia.org/wiki/Special:Redirect/file/Library%20of%20Birmingham%202013.jpg,https://commons.wikimedia.org/wiki/File:Library_of_Birmingham_2013.jpg,See image source,Wikimedia Commons,,,,大規模図書館を都市中心部の学習、展望、滞在の拠点にした事例。公共図書館の象徴性を読める。,大規模図書館を都市中心部の学習、展望、滞在の拠点にした事例。公共図書館の象徴性を読める。,"Reference case for Library of Birmingham: useful for comparing public program, urban interface, operation, and spatial experience.",図書館|都心|学習|展望|公共性,図書館|都心|学習|展望|公共性,図書館|都心|学習|展望|公共性,https://www.mecanoo.nl/Projects/project/54/Library-of-Birmingham,2013,Mecanoo,published
CASE-138,CopenHill,CopenHill,CopenHill,Copenhagen Denmark,コペンハーゲン デンマーク,Copenhagen Denmark,https://commons.wikimedia.org/wiki/Special:Redirect/file/Copenhill%205.jpg,https://commons.wikimedia.org/wiki/File:Copenhill_5.jpg,CC BY-SA 4.0,kallerna / Wikimedia Commons,,,,清掃工場をスキー場、クライミング、展望の公共施設へ重ねた事例。環境インフラを都市活動に変える参考になる。,清掃工場をスキー場、クライミング、展望の公共施設へ重ねた事例。環境インフラを都市活動に変える参考になる。,"Reference case for CopenHill: useful for comparing public program, urban interface, operation, and spatial experience.",環境インフラ|清掃工場|スポーツ|展望|都市活動,環境インフラ|清掃工場|スポーツ|展望|都市活動,環境インフラ|清掃工場|スポーツ|展望|都市活動,https://big.dk/projects/copenhill-191,2019,BIG,published
CASE-139,The Shed,The Shed,The Shed,New York United States,ニューヨーク アメリカ,New York United States,https://commons.wikimedia.org/wiki/Special:Redirect/file/The%20Shed%20Hudson%20Yards.jpg,https://commons.wikimedia.org/wiki/File:The_Shed_Hudson_Yards.jpg,See image source,Wikimedia Commons,,,,可動外皮によって展示、上演、イベント空間を切り替える文化施設。都市文化の変化に対応する建築を考えられる。,可動外皮によって展示、上演、イベント空間を切り替える文化施設。都市文化の変化に対応する建築を考えられる。,"Reference case for The Shed: useful for comparing public program, urban interface, operation, and spatial experience.",文化施設|可動外皮|展示|上演|イベント,文化施設|可動外皮|展示|上演|イベント,文化施設|可動外皮|展示|上演|イベント,https://dsrny.com/project/the-shed,2019,Diller Scofidio + Renfro + Rockwell Group,published
