id,title,title_ja,title_en,summary,summary_ja,summary_en,keywords,keywords_ja,keywords_en,recommended_site_types,recommended_building_types,recommended_building_types_ja,recommended_building_types_en,reference_case_ids,case_relation_notes,case_relation_notes_ja,case_relation_notes_en,source_urls,status,updated_at
ISSUE-001,独居高龄者与社区断裂,独居高齢者とコミュニティの断絶,Older people living alone and community disconnection,高龄单身户增加使日常照应、共食和社交支持变弱，社区需要低门槛且可持续运营的照护与交流空间。,高齢単身世帯が増えるなかで、食事、見守り、雑談、ちょっとした相談を受け止める場所が地域から失われつつある。団地や低層部の余白を読み替え、日常的に立ち寄れるケアと交流の拠点として考える。,"Use aging, living alone, community, care to frame “Older people living alone and community disconnection” as a spatial thesis topic. Connect it with site types and programs such as communitydining room, small multifunctional care, then develop it toward a proposal brief.",老龄化|独居|社区|高龄|照护,高齢化|独居|見守り|地域ケア|共食,aging|living alone|community|care,SITE-001|SITE-007,社区食堂|小规模多功能照护|共享住宅,コミュニティ食堂|小規模多機能ケア拠点|見守り付きシェアハウス,communitydining room|small multifunctional care|shared housing,CASE-027|CASE-019|CASE-033,CASE-027::看图书馆与福祉设施如何把高龄者、日常停留和多代交流放在一个低门槛公共节点。|CASE-019::看车站型公共咨询与市民活动如何补足生活支援入口。|CASE-033::看足汤、食物和小商业如何制造轻照护式日常停留点。,CASE-027::図書館、福祉、木材空間が一体になり、世代を限定しない滞在を生んでいる。高齢者支援を「施設」ではなく日常の居場所として組み立てる参考になる。|CASE-019::駅前の公共サービスと市民活動を重ねる構成は、相談、見守り、交流を一つの低い入口にまとめる手がかりになる。|CASE-033::足湯や食を介した短時間滞在が、観光と地域利用をゆるく接続している。高齢者が目的を持たずに立ち寄れる場所の参考になる。,"CASE-027::This case helps compare mixed programs, publicness, and operational ideas related to the issue.|CASE-019::This case helps compare mixed programs, publicness, and operational ideas related to the issue.|CASE-033::This case helps compare mixed programs, publicness, and operational ideas related to the issue.",https://www8.cao.go.jp/kourei/|https://www.mhlw.go.jp/,published,2026-07-03
ISSUE-002,空屋再生与地方创生,空き家再生と地域創生,Vacant-house reuse and local revitalization,空置住宅与闲置小建筑持续增加，若能转化为短住、工坊或社区服务节点，可降低启动成本并激活地方关系。,空き家や小さな空き建物を、単なる不動産問題ではなく、短期滞在、制作、地域サービスを受け止める実験的な拠点として読み替える。既存ストックの記憶と低コストな改修可能性を生かす題材にする。,"Use vacant house, reuse, local revitalization to frame “Vacant-house reuse and local revitalization” as a spatial thesis topic. Connect it with site types and programs such as communityworkshop, Design topic: 共居space, then develop it toward a proposal brief.",空屋|再利用|地方创生,空き家|再利用|地域再生|滞在|小規模改修,vacant house|reuse|local revitalization,SITE-003|SITE-009,社区工坊|共居空间|短住交流设施,コミュニティ工房|共同居住空間|短期滞在交流施設,communityworkshop|Design topic: 共居space|Design topic: 短住exchangefacility,CASE-005|CASE-028|CASE-041,CASE-005::看旧校舍如何转化为可运营的艺术与社区复合空间。|CASE-028::看住宿、艺术和半公共活动如何参与中心街区再生。|CASE-041::看工业遗产如何通过艺术和环境体验重新进入公共生活。,CASE-005::廃校をアート、展示、地域活動へ開いた例として、既存建物の記憶を残しながら用途を重ねる方法を比較できる。|CASE-028::既存建物と新しい宿泊・アート機能を組み合わせ、中心市街地の再生を建築体験として見せている。空き家群を滞在資源に変える参考になる。|CASE-041::産業遺構を保存しつつ、環境とアートの体験へ転換している。使われなくなった場所を文化的資産として読み替える視点を得られる。,"CASE-005::This case helps compare mixed programs, publicness, and operational ideas related to the issue.|CASE-028::This case helps compare mixed programs, publicness, and operational ideas related to the issue.|CASE-041::This case helps compare mixed programs, publicness, and operational ideas related to the issue.",https://www.mlit.go.jp/|https://www.soumu.go.jp/,published,2026-07-03
ISSUE-003,儿童放学后照护与社区安全,放課後の子どもケアと地域安全,After-school care and neighborhood safety,双职工家庭与课后照护需求上升，儿童需要兼具学习、玩耍、陪伴与邻里可见性的复合社区空间。,放課後の子どもの居場所は、預かりだけでなく、読書、遊び、学習、地域の見守りが同時に起こる場所として考えたい。学校外の日常動線に、安心して長く滞在できる小さな公共空間を挿入する。,"Use children, childcare, safety, learning to frame “After-school care and neighborhood safety” as a spatial thesis topic. Connect it with site types and programs such as Design topic: 课后carecenter, childrenlibrary, then develop it toward a proposal brief.",儿童|托育|安全|学习|公共性,子ども|放課後|見守り|学習|地域安全,children|childcare|safety|learning|publicness,SITE-002|SITE-005,课后照护中心|儿童图书馆|社区中心,放課後ケアセンター|子ども図書館|地域学習ラウンジ,Design topic: 课后carecenter|childrenlibrary|communitycenter,CASE-023|CASE-018|CASE-007,CASE-023::看儿童阅读和探索如何被做成可自由停留的公共空间。|CASE-018::看安静学习空间如何成为城市级公共资源。|CASE-007::看图书馆、展览和市民活动如何共享开放结构。,CASE-023::子どもの読書体験を都市の水辺と結び、学習を強制ではなく発見として設計している。放課後の居場所づくりに応用できる。|CASE-018::光の入る大きな読書空間は、静かな学習と地域の公共性を両立している。子どもと大人が同じ場にいられる距離感の参考になる。|CASE-007::図書館、展示、市民活動を階層的に重ねる構成から、子ども向け施設を単機能に閉じない考え方を学べる。,"CASE-023::This case helps compare mixed programs, publicness, and operational ideas related to the issue.|CASE-018::This case helps compare mixed programs, publicness, and operational ideas related to the issue.|CASE-007::This case helps compare mixed programs, publicness, and operational ideas related to the issue.",https://www.cfa.go.jp/,published,2026-07-03
ISSUE-004,商店街衰退与日常公共性,商店街の衰退と日常の公共性,Declining shopping streets and everyday publicness,传统商店街人流下降但仍有步行尺度和生活记忆，可转化为社区厨房、学习点和小型共享服务网络。,商店街の衰退を、店舗数の減少だけでなく、歩く理由や立ち止まる理由が失われる問題として捉える。空き店舗や路地の余白を使い、食、相談、休憩、小商いが混ざる日常の公共空間を考える。,"Use Design topic: 商店街, Design topic: 步行, renewal, publicness to frame “Declining shopping streets and everyday publicness” as a spatial thesis topic. Connect it with site types and programs such as communitykitchen, Design topic: neighborhood客厅, then develop it toward a proposal brief.",商店街|步行|更新|公共性,商店街|歩行|空き店舗|日常公共性|小商い,Design topic: 商店街|Design topic: 步行|renewal|publicness,SITE-002|SITE-004,社区厨房|街区客厅|共享店铺,コミュニティキッチン|街区リビング|シェア店舗,communitykitchen|Design topic: neighborhood客厅|Design topic: shared店铺,CASE-008|CASE-019|CASE-009,CASE-008::看车站如何变成灾后城镇的日常公共客厅。|CASE-019::看车站上部设施如何承接咨询和市民活动。|CASE-009::看多文化服务如何嵌入社区咨询和交流。,CASE-008::駅と温浴を復興の生活動線に組み込み、移動の途中に滞在の理由をつくっている。商店街に目的地を増やす考え方に近い。|CASE-019::公共サービスと市民活動を駅前にまとめ、日常的な用事と滞在を接続している。商店街の空き区画を公共入口に変える参考になる。|CASE-009::相談、交流、多文化支援を一つの場所にまとめる構成は、商店街の小さな空間に社会的役割を持たせる手がかりになる。,"CASE-008::This case helps compare mixed programs, publicness, and operational ideas related to the issue.|CASE-019::This case helps compare mixed programs, publicness, and operational ideas related to the issue.|CASE-009::This case helps compare mixed programs, publicness, and operational ideas related to the issue.",https://www.chusho.meti.go.jp/|https://www.meti.go.jp/,published,2026-07-03
ISSUE-005,废校再利用与地区学习,廃校再利用と地域学習,Closed-school reuse and local learning,少子化导致学校统合后出现闲置校舍，既有教室、操场和社区记忆适合转化为学习、交流和避难复合空间。,廃校を保存対象として眺めるだけでなく、地域学習、避難、制作、世代交流を受け止める公共資源として再編集する。教室、廊下、校庭の既存スケールを生かし、学び直しの拠点に変える。,"Use Design topic: 废校, education, community, learning to frame “Closed-school reuse and local learning” as a spatial thesis topic. Connect it with site types and programs such as communityschool, learningcenter, then develop it toward a proposal brief.",废校|教育|社区|学习,廃校|地域学習|再利用|避難|世代交流,Design topic: 废校|education|community|learning,SITE-005|SITE-008,社区学校|学习中心|避难复合设施,コミュニティ学校|地域学習センター|避難機能付き複合施設,communityschool|learningcenter|Design topic: evacuation复合facility,CASE-005|CASE-018|CASE-007,CASE-005::看旧学校空间如何保留记忆并转为社区学习活动。|CASE-018::看图书馆如何提供开放、安静、可停留的学习环境。|CASE-007::看多层公共性如何支持学习、展览和市民使用。,CASE-005::旧学校をアートセンターとして再利用し、教室単位のスケールを活動の受け皿に変えている。廃校活用の直接的な参考になる。|CASE-018::公共図書館としての明るく開かれた学習環境は、学校外の学びを地域に開くときの空間密度を考える材料になる。|CASE-007::メディア、展示、図書館が共存する公共建築として、学習施設を複合化する場合の大きな構成を比較できる。,"CASE-005::This case helps compare mixed programs, publicness, and operational ideas related to the issue.|CASE-018::This case helps compare mixed programs, publicness, and operational ideas related to the issue.|CASE-007::This case helps compare mixed programs, publicness, and operational ideas related to the issue.",https://www.mext.go.jp/|https://www.bousai.go.jp/,published,2026-07-03
ISSUE-006,团地老化与代际混居,団地の老朽化と世代混住,Aging housing estates and intergenerational living,战后住宅团地面临高龄化、空室和公共空间弱化，适合探索照护、育儿、共享厨房和小商业混合的再生模型。,老朽化した団地を、住宅の更新だけでなく、多世代の生活サービスを再配置する問題として扱う。低層部、空地、集会所を使い、食事、ケア、子育て、移動支援が近接する団地内拠点を考える。,"Use Design topic: 团地, Design topic: 代际, Design topic: 住宅regeneration, care to frame “Aging housing estates and intergenerational living” as a spatial thesis topic. Connect it with site types and programs such as Design topic: 代际共居, shareddining room, then develop it toward a proposal brief.",团地|代际|住宅再生|照护,団地|多世代|住宅再生|生活サービス|ケア,Design topic: 团地|Design topic: 代际|Design topic: 住宅regeneration|care,SITE-007|SITE-001,代际共居|共享食堂|团地服务站,多世代共同居住|団地食堂|生活サービス拠点,Design topic: 代际共居|shareddining room|Design topic: 团地service站,CASE-012|CASE-027|CASE-019,CASE-012::看老旧团地如何通过底层服务和公共空间再组织。|CASE-027::看福祉设施和公共学习空间如何支持多代停留。|CASE-019::看咨询、活动和交通便利性如何补足团地外部服务网络。,CASE-012::団地再生を住宅だけでなくサービスや共用部の再編として捉える参考になる。既存住民を残しながら変える視点が重要。|CASE-027::図書館と福祉を重ねる構成は、団地内に学びとケアの両方を置く場合の公共性を考える材料になる。|CASE-019::駅前公共施設の複合プログラムから、団地低層部に相談、活動、待合をまとめる方法を読み取れる。,"CASE-012::This case helps compare mixed programs, publicness, and operational ideas related to the issue.|CASE-027::This case helps compare mixed programs, publicness, and operational ideas related to the issue.|CASE-019::This case helps compare mixed programs, publicness, and operational ideas related to the issue.",https://www.ur-net.go.jp/|https://www.mlit.go.jp/,published,2026-07-03
ISSUE-007,水边空间与防灾日常化,水辺空間と防災の日常化,Waterfront space and everyday disaster preparedness,河边与运河空间既有景观潜力也有水害风险，建筑可把日常活动、避难、储备和环境教育结合起来。,水辺を景観として楽しむだけでなく、水害、防災教育、日常散歩を結びつける公共空間として考える。避難時だけ使う施設ではなく、普段から身体で地形や水位を理解できる場所にする。,"Use waterfront, disaster prevention, environmental education to frame “Waterfront space and everyday disaster preparedness” as a spatial thesis topic. Connect it with site types and programs such as Design topic: waterfrontlearning馆, disaster preventioncommunitycenter, then develop it toward a proposal brief.",水边|防灾|环境教育,水辺|防災|環境教育|避難|日常利用,waterfront|disaster prevention|environmental education,SITE-006|SITE-010,水边学习馆|防灾社区中心|临水公共空间,水辺学習館|防災コミュニティセンター|親水公共空間,Design topic: waterfrontlearning馆|disaster preventioncommunitycenter|Design topic: 临水publicspace,CASE-014|CASE-015,CASE-014::看水边步行和休憩如何成为日常公共空间。|CASE-015::看灾害记忆、避难和地区复兴如何共存。,CASE-014::川沿いの歩行空間が日常利用を生み、水辺を都市生活に戻している。防災を日常化するための基盤として読める。|CASE-015::災害の記憶を展示だけにせず、地域の再出発と学習に接続する例として、防災施設の公共性を比較できる。,"CASE-014::This case helps compare mixed programs, publicness, and operational ideas related to the issue.|CASE-015::This case helps compare mixed programs, publicness, and operational ideas related to the issue.",https://www.mlit.go.jp/river/|https://www.bousai.go.jp/,published,2026-07-03
ISSUE-008,高温城市与避暑公共空间,高温都市と暑さを避ける公共空間,Hot cities and public cooling places,夏季高温和热岛效应增加户外活动风险，街区需要可步行到达的阴影、休息、饮水和降温节点。,暑さを避ける場所を、冷房のある建物に逃げ込むだけの問題にしない。日陰、水辺、緑、休憩、健康支援を組み合わせ、街の中で短時間でも身体を回復できる公共空間を考える。,"Use Design topic: 热岛, Design topic: 避暑, health to frame “Hot cities and public cooling places” as a spatial thesis topic. Connect it with site types and programs such as Design topic: neighborhood冷却站, Design topic: public休息廊, then develop it toward a proposal brief.",热岛|避暑|健康,ヒートアイランド|避暑|健康|緑化|休憩,Design topic: 热岛|Design topic: 避暑|health,SITE-002|SITE-006,街区冷却站|公共休息廊|绿荫社区馆,まちなかクーリング拠点|公共休息廊|木陰コミュニティ館,Design topic: neighborhood冷却站|Design topic: public休息廊|Design topic: 绿荫community馆,CASE-016|CASE-014,CASE-016::看大型绿化公共建筑如何缓解热岛并提供停留。|CASE-014::看水边连续空间如何提供散步、休息和降温可能。,CASE-016::建築と都市緑化を一体化し、環境負荷と公共利用を同時に扱う例。暑熱対策を建築の断面として考える参考になる。|CASE-014::水辺の風、日陰、歩行空間が都市の休憩装置になる。暑さを避ける公共動線の設計に使える。,"CASE-016::This case helps compare mixed programs, publicness, and operational ideas related to the issue.|CASE-014::This case helps compare mixed programs, publicness, and operational ideas related to the issue.",https://www.env.go.jp/|https://www.mhlw.go.jp/,published,2026-07-03
ISSUE-009,灾后避难与平时利用脱节,災害時避難と平常時利用の断絶,Disaster shelters separated from everyday use,许多避难设施只在灾时被想起，平时缺乏吸引力。毕业设计可研究平灾结合的可运营公共建筑。,避難施設は災害時だけ開く場所では使われにくい。平常時の学習、備蓄、地域活動、待合を重ね、いざという時に自然に集まれる、普段から使われる防災拠点として考える。,"Use disaster prevention, evacuation, Design topic: 平灾结合 to frame “Disaster shelters separated from everyday use” as a spatial thesis topic. Connect it with site types and programs such as disaster preventionlearningcenter, Design topic: community仓库, then develop it toward a proposal brief.",防灾|避难|平灾结合,防災|避難|平常時利用|備蓄|地域活動,disaster prevention|evacuation|Design topic: 平灾结合,SITE-005|SITE-010,防灾学习中心|社区仓库|复合避难所,防災学習センター|コミュニティ備蓄拠点|複合避難所,disaster preventionlearningcenter|Design topic: community仓库|Design topic: 复合evacuation所,CASE-015|CASE-020,CASE-015::看灾后公共设施如何兼顾记忆、交流和避难意识。|CASE-020::看交通休息节点如何兼具地方服务和灾时支援。,CASE-015::震災の記憶、展示、地域の公共空間を重ねる例として、災害を過去の出来事で終わらせない建築の役割を考えられる。|CASE-020::道の駅のような日常利用される交通・地域拠点は、防災時にも機能する複合拠点のモデルになる。,"CASE-015::This case helps compare mixed programs, publicness, and operational ideas related to the issue.|CASE-020::This case helps compare mixed programs, publicness, and operational ideas related to the issue.",https://www.bousai.go.jp/|https://www.fdma.go.jp/,published,2026-07-03
ISSUE-010,外国居民与生活支援入口,外国人住民と生活支援の入口,Support entry points for foreign residents,外国居民面对语言、手续、育儿和就业信息壁垒，街区需要低压力、可咨询、可学习的多文化支持空间。,外国人住民の支援は、役所の窓口だけでは届きにくい。言語学習、相談、子育て、地域交流を低いハードルでつなげ、生活の入口として使える多文化拠点を考える。,"Use multicultural, consultation, inclusive living, public service to frame “Support entry points for foreign residents” as a spatial thesis topic. Connect it with site types and programs such as multiculturalcenter, Design topic: 语言learningspace, then develop it toward a proposal brief.",多文化|咨询|共生|公共服务,多文化|生活相談|共生|言語学習|公共サービス,multicultural|consultation|inclusive living|public service,SITE-002|SITE-004,多文化中心|语言学习空间|社区咨询站,多文化センター|言語学習ラウンジ|コミュニティ相談拠点,multiculturalcenter|Design topic: 语言learningspace|Design topic: communityconsultation站,CASE-009|CASE-019,CASE-009::看语言、手续和社区活动如何组合成多文化入口。|CASE-019::看车站型公共设施如何降低咨询和参与门槛。,CASE-009::移民支援を相談、学習、交流の場としてまとめているため、多文化拠点のプログラム構成を直接比較できる。|CASE-019::公共サービスと市民活動を駅前に重ねる構成は、多文化支援を街の中心に置く場合の入口づくりに参考になる。,"CASE-009::This case helps compare mixed programs, publicness, and operational ideas related to the issue.|CASE-019::This case helps compare mixed programs, publicness, and operational ideas related to the issue.",https://www.moj.go.jp/isa/|https://www.soumu.go.jp/,published,2026-07-03
ISSUE-011,夜间经济与安全停留空间,夜間経済と安全に滞在できる空間,Night economy and safe places to stay,城市夜间劳动者、学生与旅客需要安全、明亮、可短暂停留的公共节点，尤其在车站和商店街周边。,夜の駅前や商業地には、買う、飲む、帰る以外の安全な滞在先が少ない。待つ、休む、相談する、移動を調整する場所をつくり、夜間の公共性を支える小さな拠点として考える。,"Use night, safety, Design topic: station周边, nightsafety to frame “Night economy and safe places to stay” as a spatial thesis topic. Connect it with site types and programs such as nightpublic living room, Design topic: 小型休息站, then develop it toward a proposal brief.",夜间|安全|车站周边|夜间安全|车站,夜間|安全|駅前|待合|公共性,night|safety|Design topic: station周边|nightsafety|station,SITE-004|SITE-002,夜间公共客厅|小型休息站|共享候车空间,夜間公共リビング|小型休憩拠点|シェア待合空間,nightpublic living room|Design topic: 小型休息站|Design topic: shared候车space,CASE-008|CASE-019,CASE-008::看车站和温浴如何提供夜间也有人的公共停留点。|CASE-019::看车站上部公共服务如何形成明亮可见的安全节点。,CASE-008::駅と温浴を組み合わせ、移動の前後に安心して滞在できる場所をつくっている。夜間の待合空間を考える材料になる。|CASE-019::駅前に公共サービスと活動を集める構成は、夜も人の目が残る公共拠点の作り方を考える手がかりになる。,"CASE-008::This case helps compare mixed programs, publicness, and operational ideas related to the issue.|CASE-019::This case helps compare mixed programs, publicness, and operational ideas related to the issue.",https://www.mlit.go.jp/|https://www.npa.go.jp/,published,2026-07-03
ISSUE-012,青年孤独与第三空间不足,若者の孤独と第三の居場所不足,Youth loneliness and a lack of third places,学生和年轻上班族常缺少低消费、非商业、可停留的第三空间，建筑可提供学习、厨房和小型活动支持。,若者の孤独は、住まい、学校、職場だけでは受け止めにくい。学習、食事、制作、相談がゆるく重なる第三の居場所を、駅前や図書館周辺など日常動線の中に計画する。,"Use youth, loneliness, third place to frame “Youth loneliness and a lack of third places” as a spatial thesis topic. Connect it with site types and programs such as Design topic: youthshared客厅, learningkitchen, then develop it toward a proposal brief.",青年|孤独|第三空间,若者|孤独|第三の居場所|学習|相談,youth|loneliness|third place,SITE-004|SITE-002,青年共享客厅|学习厨房|社区活动室,若者シェアリビング|学習キッチン|コミュニティ活動室,Design topic: youthshared客厅|learningkitchen|Design topic: communityactivity室,CASE-019|CASE-018|CASE-007,CASE-019::看市民活动和咨询空间如何提供低压力第三空间。|CASE-018::看图书馆如何支持低消费、长时间、安静停留。|CASE-007::看媒体馆如何承载学习、展览和偶发交流。,CASE-019::市民活動と相談を同じ場所に置く構成は、若者が目的を限定せず入れる公共拠点の参考になる。|CASE-018::静かな読書と長時間滞在を許す図書館空間として、学習を軸にした第三の居場所を考える材料になる。|CASE-007::メディア、展示、図書館が混ざる大きな公共空間から、若者の活動を一つに固定しない設計を学べる。,"CASE-019::This case helps compare mixed programs, publicness, and operational ideas related to the issue.|CASE-018::This case helps compare mixed programs, publicness, and operational ideas related to the issue.|CASE-007::This case helps compare mixed programs, publicness, and operational ideas related to the issue.",https://www.cao.go.jp/|https://www.mhlw.go.jp/,published,2026-07-03
ISSUE-013,照护者喘息与家庭支持,介護者のレスパイトと家庭支援,Design topic: care者喘息and家庭支持,照护不只发生在机构内，家庭照护者也需要喘息、咨询和临时托付空间，适合做小尺度社区照护题目。,介護は本人だけでなく、家族や支える人の時間と身体にも負担をかける。短時間の休息、相談、入浴、デイケアを地域の中に置き、介護者が孤立しない支援拠点として考える。,"Use care, Design topic: 家庭, Design topic: 喘息service to frame “Design topic: care者喘息and家庭支持” as a spatial thesis topic. Connect it with site types and programs such as Design topic: care者supportcenter, Design topic: 日间care站, then develop it toward a proposal brief.",照护|家庭|喘息服务,介護者支援|レスパイト|家庭ケア|相談|休息,care|Design topic: 家庭|Design topic: 喘息service,SITE-001|SITE-007,照护者支援中心|日间照护站|社区浴室,介護者支援センター|デイケア拠点|コミュニティ浴室,Design topic: care者supportcenter|Design topic: 日间care站|Design topic: community浴室,CASE-027|CASE-019|CASE-033,CASE-027::看福祉设施与图书馆相邻时，照护和日常停留如何降低心理门槛。|CASE-019::看公共咨询节点如何承接家庭手续、活动和生活支援。|CASE-033::看温泉、休息、饮食和地方服务如何成为照护者短暂停留的场景。,CASE-027::図書館と福祉を同時に扱うため、ケアを閉じた専門施設ではなく地域の居場所として開く考え方を学べる。|CASE-019::相談機能を公共活動と近接させる構成は、介護者が支援にアクセスしやすい入口の参考になる。|CASE-033::足湯や食のような軽い滞在が、介護者の短時間の休息場所としてどのように働くかを比較できる。,"CASE-027::This case helps compare mixed programs, publicness, and operational ideas related to the issue.|CASE-019::This case helps compare mixed programs, publicness, and operational ideas related to the issue.|CASE-033::This case helps compare mixed programs, publicness, and operational ideas related to the issue.",https://www.mhlw.go.jp/|https://www8.cao.go.jp/kourei/,published,2026-07-03
ISSUE-014,旧工业地与创作生产空间,旧工業地と創作・生産空間,Design topic: 旧工业地andcreative production生产space,小型旧厂房和仓库常被闲置，但结构跨度和粗糙空间适合转化为制作、展览与地方产业交流场。,旧工業地を単なる跡地開発ではなく、制作、展示、小規模生産、学習を受け止める都市の作業場として再利用する。大きな空間や搬入動線を生かし、地域に開かれた創作拠点に変える。,"Use Design topic: 旧工业地, creative production, industryregeneration to frame “Design topic: 旧工业地andcreative production生产space” as a spatial thesis topic. Connect it with site types and programs such as creative productionworkshop, Design topic: open工厂, then develop it toward a proposal brief.",旧工业地|创作|产业再生,旧工業地|制作|産業再生|展示|職住近接,Design topic: 旧工业地|creative production|industryregeneration,SITE-009|SITE-004,创作工坊|开放工厂|设计孵化器,創作工房|開放工場|デザイン・インキュベーション拠点,creative productionworkshop|Design topic: open工厂|Design topic: 设计孵化器,CASE-005|CASE-017,CASE-005::看闲置公共建筑如何转成创作、展览和社区活动。|CASE-017::看港湾空间如何结合生产展示、商业和开放公共性。,CASE-005::既存建物を小さな制作・展示単位へ分けて使う方法は、旧工業地の大きな空間を段階的に開く参考になる。|CASE-017::港湾の生産展示と商業を組み合わせる例として、作る場と見せる場を一体化する方法を比較できる。,"CASE-005::This case helps compare mixed programs, publicness, and operational ideas related to the issue.|CASE-017::This case helps compare mixed programs, publicness, and operational ideas related to the issue.",https://www.meti.go.jp/|https://www.mlit.go.jp/,published,2026-07-03
ISSUE-015,地域食与社区厨房,地域食とコミュニティキッチン,local foodandcommunitykitchen,高龄、育儿、独居与地方农业都可通过食物连接。社区厨房能把共食、教育、照护和小商业结合。,地域食は観光商品だけでなく、共食、食育、孤立防止、地元生産者との接点をつくる公共的な題材になる。商店街や道の駅周辺に、食を介した小さな交流拠点を計画する。,"Use Design topic: 食物, shared meals, communitykitchen, local food to frame “local foodandcommunitykitchen” as a spatial thesis topic. Connect it with site types and programs such as communitykitchen, food educationcenter, then develop it toward a proposal brief.",食物|共食|社区厨房|地域食|食育,食|共食|地域食|食育|コミュニティキッチン,Design topic: 食物|shared meals|communitykitchen|local food|food education,SITE-002|SITE-003,社区厨房|食育中心|共享餐厅,コミュニティキッチン|食育センター|シェアレストラン,communitykitchen|food educationcenter|Design topic: shared餐厅,CASE-033|CASE-020|CASE-002,CASE-033::看足汤、饮食和地方小商业如何组织轻松的停留关系。|CASE-020::看地方销售、休息和观光信息如何围绕地域食组织。|CASE-002::看环境教育和社区运营如何转化为可参观的公共设施。,CASE-033::足湯、地域食、観光を組み合わせ、短時間の滞在を公共的な体験にしている。食と休憩を重ねる参考になる。|CASE-020::道の駅の地域食や交通拠点性は、生産者、住民、来訪者をつなぐ食の公共空間として比較できる。|CASE-002::環境教育と地域食が結びつき、食を循環や学習の入口にしている。コミュニティキッチンの運営軸を考える材料になる。,"CASE-033::This case helps compare mixed programs, publicness, and operational ideas related to the issue.|CASE-020::This case helps compare mixed programs, publicness, and operational ideas related to the issue.|CASE-002::This case helps compare mixed programs, publicness, and operational ideas related to the issue.",https://www.maff.go.jp/|https://www.mhlw.go.jp/,published,2026-07-03
ISSUE-016,公共图书馆与学习弱连接,公共図書館とゆるやかな学習接続,Design topic: publiclibraryandlearning弱连接,图书馆不只借书，也能成为学习、咨询、展览和安静停留的城市基础设施，适合做复合公共空间。,図書館を本の保管場所ではなく、学習、展示、相談、偶然の滞在が生まれる公共空間として捉える。大きな中央館だけでなく、街区単位の小さな学習接続を考える。,"Use library, learning, publicness to frame “Design topic: publiclibraryandlearning弱连接” as a spatial thesis topic. Connect it with site types and programs such as Design topic: 小型library, learningcenter, then develop it toward a proposal brief.",图书馆|学习|公共性,図書館|学習|公共性|滞在|地域アーカイブ,library|learning|publicness,SITE-004|SITE-005,小型图书馆|学习中心|社区档案馆,小型図書館|学習センター|コミュニティアーカイブ館,Design topic: 小型library|learningcenter|Design topic: community档案馆,CASE-007|CASE-018,CASE-007::看图书馆、媒体和展览如何形成开放学习平台。|CASE-018::看大空间和均质光环境如何支持安静学习。,CASE-007::図書館とメディア、展示、市民活動を重ねる構成から、図書館を複合的な公共装置として扱う方法を学べる。|CASE-018::光に満ちた読書空間と開放的な閲覧環境は、学習を街に開く図書館の空間品質を考える基準になる。,"CASE-007::This case helps compare mixed programs, publicness, and operational ideas related to the issue.|CASE-018::This case helps compare mixed programs, publicness, and operational ideas related to the issue.",https://www.mext.go.jp/|https://www.ndl.go.jp/,published,2026-07-03
ISSUE-017,低收入家庭与生活技能支持,低所得家庭と生活スキル支援,Design topic: 低收入家庭and生活技能支持,部分家庭缺少稳定学习、饮食和手续咨询资源，建筑可提供不贴标签的生活支持与邻里互助空间。,低所得家庭への支援は、配布や相談だけでなく、子どもの学習、食、生活スキル、親の相談がつながる場所として考えられる。支援を見えすぎない形で日常空間に埋め込むことが課題になる。,"Use Design topic: 贫困, Design topic: 生活支持, children to frame “Design topic: 低收入家庭and生活技能支持” as a spatial thesis topic. Connect it with site types and programs such as Design topic: 生活supportcenter, childrendining room, then develop it toward a proposal brief.",贫困|生活支持|儿童,貧困|生活支援|子ども|学習支援|食支援,Design topic: 贫困|Design topic: 生活支持|children,SITE-002|SITE-005,生活支援中心|儿童食堂|学习支援空间,生活支援センター|子ども食堂|学習支援空間,Design topic: 生活supportcenter|childrendining room|learningsupportspace,CASE-023|CASE-019|CASE-027,CASE-023::看儿童阅读空间如何把学习支持做成不贴标签的公共停留。|CASE-019::看公共咨询节点如何承接生活手续和支援入口。|CASE-027::看福祉与公共学习设施如何并置成多代可进入节点。,CASE-023::子どもが安心して本に触れられる環境は、支援を「救済」ではなく学びの機会として見せる参考になる。|CASE-019::相談と公共サービスを駅前で受け止める構成は、生活支援を日常動線に置く方法として比較できる。|CASE-027::福祉と図書館が同居する公共空間は、生活支援と学びを分けずに扱う計画の参考になる。,"CASE-023::This case helps compare mixed programs, publicness, and operational ideas related to the issue.|CASE-019::This case helps compare mixed programs, publicness, and operational ideas related to the issue.|CASE-027::This case helps compare mixed programs, publicness, and operational ideas related to the issue.",https://www.mhlw.go.jp/|https://www.cfa.go.jp/,published,2026-07-03
ISSUE-018,旅游地居民生活被挤压,観光地で圧迫される住民生活,Design topic: tourism地resident生活被挤压,热门地区可能出现生活服务被观光消费挤出的问题，设计可探索游客与居民共用但不互相干扰的空间。,観光地では、来訪者の利便性が住民の日常を圧迫することがある。観光案内、休憩、生活サービス、地域文化の発信を調停し、住民と観光客が同じ街を無理なく使える拠点を考える。,"Use tourism, Design topic: resident生活, Design topic: neighborhood调停 to frame “Design topic: tourism地resident生活被挤压” as a spatial thesis topic. Connect it with site types and programs such as Design topic: 游客residentexchange所, Design topic: neighborhoodservice站, then develop it toward a proposal brief.",观光|居民生活|街区调停,観光|住民生活|生活サービス|街区調整|文化案内,tourism|Design topic: resident生活|Design topic: neighborhood调停,SITE-006|SITE-004,游客居民交流所|街区服务站|文化案内所,観光客・住民交流所|街区サービス拠点|文化案内所,Design topic: 游客residentexchange所|Design topic: neighborhoodservice站|Design topic: culture案内所,CASE-060|CASE-020|CASE-014,CASE-060::看观光地美术馆如何连接传统文化、庭园和访客动线。|CASE-020::看观光、地方销售和生活服务如何在同一节点相遇。|CASE-014::看开放水边空间如何承接游客和居民的共享使用。,CASE-060::観光地の美術館として、伝統文化、庭園、来訪者体験を落ち着いて受け止めている。観光と地域環境の距離感を考えられる。|CASE-020::地域交通、食、観光案内を一体化する道の駅型の拠点は、来訪者と住民の接点を計画する参考になる。|CASE-014::水辺の公共動線は観光利用と日常利用が重なりやすい。混雑を分散しながら滞在をつくる考え方を比較できる。,"CASE-060::This case helps compare mixed programs, publicness, and operational ideas related to the issue.|CASE-020::This case helps compare mixed programs, publicness, and operational ideas related to the issue.|CASE-014::This case helps compare mixed programs, publicness, and operational ideas related to the issue.",https://www.mlit.go.jp/kankocho/|https://www.soumu.go.jp/,published,2026-07-03
ISSUE-019,地方交通弱化与移动服务,地域交通の弱体化と移動サービス,Design topic: localtransport弱化andmobilityservice,公交班次减少和高龄出行困难会削弱生活圈，建筑可结合候车、配送、医疗咨询和社区活动。,地域交通が弱くなると、高齢者や車を持たない人の生活範囲が狭くなる。待合、配送、相談、地域食を組み合わせ、移動の不便を補う小さな交通サービス拠点を考える。,"Use Design topic: transport弱化, mobilityservice, Design topic: aging者, transport to frame “Design topic: localtransport弱化andmobilityservice” as a spatial thesis topic. Connect it with site types and programs such as Design topic: mobilityservice站, Design topic: 复合候车所, then develop it toward a proposal brief.",交通弱化|移动服务|高龄者|交通|高龄,交通空白|移動サービス|高齢者|待合|地域配送,Design topic: transport弱化|mobilityservice|Design topic: aging者|transport|aging,SITE-004|SITE-001,移动服务站|复合候车所|社区配送中心,移動サービス拠点|複合待合所|コミュニティ配送センター,Design topic: mobilityservice站|Design topic: 复合候车所|Design topic: community配送center,CASE-020|CASE-008|CASE-043,CASE-020::看交通休息节点如何扩展为地方移动服务据点。|CASE-008::看车站复合设施如何成为弱交通地区的公共客厅。|CASE-043::看道之驿如何把交通休息、地方销售和公共服务整合成生活节点。,CASE-020::交通、地域食、防災が重なる道の駅型拠点は、移動サービスと生活サービスを一緒に扱う参考になる。|CASE-008::駅と温浴を組み合わせることで、移動の待ち時間を生活の滞在時間へ変えている。地方駅周辺の再編に使える。|CASE-043::道の駅を地域材や地域食と結びつける例として、交通拠点に地域の顔を持たせる方法を比較できる。,"CASE-020::This case helps compare mixed programs, publicness, and operational ideas related to the issue.|CASE-008::This case helps compare mixed programs, publicness, and operational ideas related to the issue.|CASE-043::This case helps compare mixed programs, publicness, and operational ideas related to the issue.",https://www.mlit.go.jp/|https://www8.cao.go.jp/kourei/,published,2026-07-03
ISSUE-020,小河川生态与儿童学习,小河川の生態と子どもの学習,Design topic: 小河川生态andchildrenlearning,城市小河川常被忽视，但可成为儿童环境教育、雨水管理和社区活动的线性场地。,小河川は、子どもが都市の自然や水循環を学ぶ身近な教材になる。生態観察、雨水管理、遊び、散歩を組み合わせ、日常的に水辺へ近づける学習拠点を考える。,"Use Design topic: 河川, Design topic: 生态, childrenlearning, waterfront to frame “Design topic: 小河川生态andchildrenlearning” as a spatial thesis topic. Connect it with site types and programs such as Design topic: 生态learning站, Design topic: waterfront教室, then develop it toward a proposal brief.",河川|生态|儿童学习|水边,小河川|生態|子ども学習|水辺|雨水,Design topic: 河川|Design topic: 生态|childrenlearning|waterfront,SITE-006|SITE-010,生态学习站|水边教室|雨水花园,生態学習拠点|水辺教室|雨水ガーデン,Design topic: 生态learning站|Design topic: waterfront教室|Design topic: 雨水花园,CASE-016|CASE-014,CASE-016::看绿化公共建筑如何把生态体验变成可进入空间。|CASE-014::看水边步行空间如何支持儿童观察和环境学习。,CASE-016::建築と緑化を重ね、都市の生態を立体的に見せている。子どもが環境を身体的に理解する空間の参考になる。|CASE-014::水辺の歩行空間は、川を遠くから眺める対象ではなく日常的に触れる環境へ変えている。小河川の学習動線に応用できる。,"CASE-016::This case helps compare mixed programs, publicness, and operational ideas related to the issue.|CASE-014::This case helps compare mixed programs, publicness, and operational ideas related to the issue.",https://www.env.go.jp/|https://www.mlit.go.jp/river/,published,2026-07-03
ISSUE-021,产后照护与育儿孤立,産後ケアと子育ての孤立,Design topic: 产后careandchildcare孤立,产后家庭常在身体恢复、睡眠、喂养和心理压力中孤立，街区需要可咨询、可短住、可交流的亲子支援空间。,出産後の生活は、身体の回復、育児不安、家族関係、相談先の不足が重なりやすい。病院でも家庭でもない中間的な場所として、親子が短時間でも安心して滞在し、相談や交流へつながる拠点を考える。,"Use Design topic: 产后, childcare, consultation, Design topic: 家庭支持 to frame “Design topic: 产后careandchildcare孤立” as a spatial thesis topic. Connect it with site types and programs such as Design topic: 产后carecenter, Design topic: 亲子exchange站, then develop it toward a proposal brief.",产后|育儿|咨询|家庭支持|亲子,産後ケア|子育て|親子|相談|地域支援,Design topic: 产后|childcare|consultation|Design topic: 家庭支持|Design topic: 亲子,SITE-011|SITE-002,产后照护中心|亲子交流站|育儿咨询所,産後ケアセンター|親子の居場所|子育て相談拠点,Design topic: 产后carecenter|Design topic: 亲子exchange站|Design topic: childcareconsultation所,CASE-081|CASE-023|CASE-019|CASE-079,CASE-081::看育儿支援、图书馆和市民交流如何复合成日常公共节点。|CASE-023::看儿童阅读空间如何支持亲子共同停留。|CASE-019::看公共咨询空间如何降低家庭支援入口的压力。,CASE-081::図書館、子育て支援、市民交流を一体化した公共施設として、親子が相談以外の目的でも立ち寄れる入口のつくり方を比較できる。|CASE-023::子どもの読書体験を都市の中で開く事例。親子が滞在しながら学びや会話へ自然につながる空間密度を読む。|CASE-019::駅前の公共サービスと市民活動を重ねる事例。子育て相談を特別な施設に閉じず、日常の用事と接続する考え方が参考になる。|CASE-079::図書館とコミュニティセンターを複合した更新事例。親子利用、学習、相談を小さな地域拠点にまとめる構成を比較できる。,"CASE-081::This case helps compare mixed programs, publicness, and operational ideas related to the issue.|CASE-023::This case helps compare mixed programs, publicness, and operational ideas related to the issue.|CASE-019::This case helps compare mixed programs, publicness, and operational ideas related to the issue.",https://www.cfa.go.jp/|https://www.mhlw.go.jp/,published,2026-07-05
ISSUE-022,认知症友好社区,認知症にやさしいコミュニティ,Design topic: 认知症友好community,认知症照护不能只依赖家庭和机构，熟悉街区需要可识别、可休息、可求助的日常支持节点。,認知症への支援は、施設内のケアだけでなく、道に迷いにくい動線、休憩できる場所、顔見知りの関係を地域にどう埋め込むかが重要になる。高齢者が外出を諦めないための小さな拠点と歩行環境を考える。,"Use Design topic: 认知症, aging, care, Design topic: 迷路防止 to frame “Design topic: 认知症友好community” as a spatial thesis topic. Connect it with site types and programs such as Design topic: 认知症cafe馆, Design topic: communitycare站, then develop it toward a proposal brief.",认知症|高龄|照护|迷路防止|社区,認知症|見守り|高齢|地域ケア|歩行,Design topic: 认知症|aging|care|Design topic: 迷路防止|community,SITE-001|SITE-004,认知症咖啡馆|社区照护站|安心步行网络,認知症カフェ|見守り拠点|安心歩行ネットワーク,Design topic: 认知症cafe馆|Design topic: communitycare站|Design topic: 安心步行网络,CASE-027|CASE-019|CASE-033|CASE-079,CASE-027::看图书馆与福祉设施如何并置成多代可停留节点。|CASE-019::看咨询和公共活动如何成为可求助的日常入口。|CASE-033::看温泉、休息和地方服务如何形成可识别的停留节点。,CASE-027::図書館と福祉を重ねる地域拠点として、高齢者がケア目的以外でも滞在できる公共性を読む参考になる。|CASE-019::駅前の相談、公共サービス、市民活動が近接する事例。認知症支援を生活動線上に置く方法を比較できる。|CASE-033::短時間の休憩、足湯、食、案内を組み合わせる小拠点として、歩行の途中で安心できる場所のつくり方を読める。|CASE-079::図書館と地域活動を合わせた日常拠点として、見守りや相談を目立たせすぎずに配置する参考になる。,"CASE-027::This case helps compare mixed programs, publicness, and operational ideas related to the issue.|CASE-019::This case helps compare mixed programs, publicness, and operational ideas related to the issue.|CASE-033::This case helps compare mixed programs, publicness, and operational ideas related to the issue.",https://www.mhlw.go.jp/|https://www8.cao.go.jp/kourei/,published,2026-07-05
ISSUE-023,障碍者就业与街区参与,障がい者の就労と街区参加,Design topic: 障碍者employmentandneighborhood参and,就业支援若封闭在设施内部，容易与街区断开；小型工坊、店铺和咖啡可把工作训练转成公共参与。,障がい者の就労支援は、作業室を用意するだけでは地域参加につながりにくい。商店街や駅前の小さな接点を使い、制作、販売、休憩、相談が街の活動として見える拠点を考える。,"Use Design topic: 障碍, Design topic: employment支持, inclusive living, Design topic: 商店街 to frame “Design topic: 障碍者employmentandneighborhood参and” as a spatial thesis topic. Connect it with site types and programs such as employmentsupportworkshop, Design topic: neighborhood店铺, then develop it toward a proposal brief.",障碍|就业支持|共生|商店街,障がい|就労支援|共生|商店街|小商い,Design topic: 障碍|Design topic: employment支持|inclusive living|Design topic: 商店街,SITE-014|SITE-002,就业支援工坊|街区店铺|共生咖啡,就労支援工房|街区店舗|共生カフェ,employmentsupportworkshop|Design topic: neighborhood店铺|inclusive livingcafe,CASE-022|CASE-019|CASE-038|CASE-089,CASE-022::看多文化和市民活动如何共用公共平台。|CASE-019::看咨询功能如何嵌入交通便利的公共设施。|CASE-038::看小店创业和街区交流如何制造低门槛参与界面。,CASE-022::図書館と市民活動が混ざる公共施設として、多様な利用者が同じ場所に滞在できる環境を比較できる。|CASE-019::相談と公共サービスが駅前に開く事例。就労支援を地域の用事や市民活動と接続する視点がある。|CASE-038::小店舗や活動単位が街区に並ぶ事例。就労支援を閉じた作業所ではなく、街に見える小さな商いとして考える手がかりになる。|CASE-089::再利用材と小規模事業者の集合による共創拠点。制作、仕事、交流が同居する運営モデルを比較できる。,"CASE-022::This case helps compare mixed programs, publicness, and operational ideas related to the issue.|CASE-019::This case helps compare mixed programs, publicness, and operational ideas related to the issue.|CASE-038::This case helps compare mixed programs, publicness, and operational ideas related to the issue.",https://www.mhlw.go.jp/|https://www.japaneselawtranslation.go.jp/en/laws/view/4093/en,published,2026-07-05
ISSUE-024,食品损失与循环教育,食品ロスと循環教育,Design topic: 食品损失and循环education,食品损失不只是垃圾问题，也关系家庭消费、食育、食物共享和社区互助，可转为空间化的循环学习题目。,食品ロスは廃棄量の問題であると同時に、食の流れが地域から見えなくなっている問題でもある。余剰食材の受け渡し、調理、学習、食事をつなぐことで、循環を体験として理解できる場所を考える。,"Use Design topic: 食品损失, Design topic: 循环, food education, communitykitchen to frame “Design topic: 食品损失and循环education” as a spatial thesis topic. Connect it with site types and programs such as Design topic: 食品shared站, Design topic: 循环kitchen, then develop it toward a proposal brief.",食品损失|循环|食育|社区厨房,食品ロス|循環|食育|地域食|共同調理,Design topic: 食品损失|Design topic: 循环|food education|communitykitchen,SITE-012|SITE-002,食品共享站|循环厨房|食育工坊,食品シェア拠点|循環キッチン|食育工房,Design topic: 食品shared站|Design topic: 循环kitchen|food educationworkshop,CASE-002|CASE-020|CASE-021|CASE-077,CASE-002::看垃圾分类、再利用和教育如何可视化。|CASE-020::看地方销售和交通节点如何承接食物与信息流。|CASE-021::看复合公共建筑如何容纳学习和展示。,CASE-002::分別、教育、宿泊、地域食を見える形で組み合わせる事例。循環を裏方に隠さず、公共体験に変える方法を比較できる。|CASE-020::道の駅型の地域拠点として、食、交通、防災、観光をまとめる構成を読む参考になる。|CASE-021::図書館と美術館を重ねる複合公共建築として、学習機能を食育や展示へ展開する手がかりになる。|CASE-077::都市農業をオフィス環境に埋め込んだ事例。食の生産過程を日常空間へ見せる方法を比較できる。,"CASE-002::This case helps compare mixed programs, publicness, and operational ideas related to the issue.|CASE-020::This case helps compare mixed programs, publicness, and operational ideas related to the issue.|CASE-021::This case helps compare mixed programs, publicness, and operational ideas related to the issue.",https://www.caa.go.jp/en/policy/consumer_policy/|https://www.maff.go.jp/e/policies/env/,published,2026-07-05
ISSUE-025,公共浴场衰退与健康交流,公衆浴場の衰退と健康交流,Design topic: public浴场衰退andhealthexchange,公共浴场减少会削弱高龄者外出理由和邻里见面机会，可更新为洗浴、健康咨询、共食和休息复合空间。,銭湯や公衆浴場は、入浴だけでなく健康確認、雑談、孤立の予防を担ってきた。既存の浴場文化を読み替え、短時間の休憩、軽い運動、相談、地域交流が重なる健康の居場所を考える。,"Use Design topic: 澡堂, health, aging, third place to frame “Design topic: public浴场衰退andhealthexchange” as a spatial thesis topic. Connect it with site types and programs such as Design topic: community浴场, Design topic: healthexchange站, then develop it toward a proposal brief.",澡堂|健康|高龄|第三空间,銭湯|健康|高齢|第三の居場所|交流,Design topic: 澡堂|health|aging|third place,SITE-013|SITE-002,社区浴场|健康交流站|小型温浴,コミュニティ浴場|健康交流拠点|小型温浴施設,Design topic: community浴场|Design topic: healthexchange站|Design topic: 小型温浴,CASE-008|CASE-027|CASE-016|CASE-033,CASE-008::看温浴与车站如何形成日常公共客厅。|CASE-027::看地方公共设施如何支持多代停留。|CASE-016::看公共建筑如何把健康和环境体验结合。,CASE-008::駅、温浴、地域交流を復興後の生活動線に組み込む事例。移動と入浴を地域の再会の場へ変える視点がある。|CASE-027::図書館と福祉を重ねる地域拠点として、健康目的以外の滞在を受け止める公共性を比較できる。|CASE-016::建築と緑化を一体化した都市施設として、休憩、環境、公共利用を重ねる方法を読む参考になる。|CASE-033::足湯、食、観光案内をまとめた小さな滞在拠点。入浴文化を短時間利用の交流へ広げる手がかりになる。,"CASE-008::This case helps compare mixed programs, publicness, and operational ideas related to the issue.|CASE-027::This case helps compare mixed programs, publicness, and operational ideas related to the issue.|CASE-016::This case helps compare mixed programs, publicness, and operational ideas related to the issue.",https://www.mhlw.go.jp/|https://www8.cao.go.jp/kourei/,published,2026-07-05
ISSUE-026,高架下空间与邻里修复,高架下空間と近隣の修復,Design topic: 高架下spaceand邻里修复,铁路和道路高架常切断街区，但遮雨和连续性也可转化为运动、工坊、市集和步行修复空间。,高架下は移動インフラの余白でありながら、暗さ、騒音、分断の印象を持たれやすい。雨を避けられる連続空間として読み替え、歩行、制作、小商い、運動が近隣関係を修復する場を考える。,"Use Design topic: 高架下, Design topic: 步行, Design topic: 雨天space, publicness to frame “Design topic: 高架下spaceand邻里修复” as a spatial thesis topic. Connect it with site types and programs such as Design topic: 高架下workshop, Design topic: community运动场, then develop it toward a proposal brief.",高架下|步行|雨天空间|公共性,高架下|歩行|雨天利用|公共性|街区更新,Design topic: 高架下|Design topic: 步行|Design topic: 雨天space|publicness,SITE-015|SITE-004,高架下工坊|社区运动场|雨天公共廊,高架下工房|コミュニティ運動場|雨天公共廊,Design topic: 高架下workshop|Design topic: community运动场|Design topic: 雨天public廊,CASE-019|CASE-028|CASE-017|CASE-039|CASE-068|CASE-038,CASE-019::看交通节点公共设施如何承接停留和咨询。|CASE-028::看中心街区再生如何借艺术和住宿激活公共界面。|CASE-017::看港湾复合体如何处理生产展示和开放空间。,CASE-019::駅前公共拠点として、交通結節点に相談や市民活動を重ねる構成を比較できる。|CASE-028::既存建物と街の回遊を組み合わせた再生事例。通過空間を滞在へ変える考え方が参考になる。|CASE-017::港湾部の生産展示と滞在を重ねる事例。インフラ周辺の大きな余白を街の活動へ開く視点がある。|CASE-039::高架下に商業、シェアオフィス、街区文化を組み込む事例。雨天でも使える連続空間の運営を比較できる。|CASE-068::高架下の公園利用をめぐる事例として、都市の隙間を若者の運動や公共利用へ開く課題を読める。|CASE-038::旧鉄道用地を小店舗と歩行の街区へ変える事例。インフラ余白を小さな起業と近隣活動につなげる参考になる。,"CASE-019::This case helps compare mixed programs, publicness, and operational ideas related to the issue.|CASE-028::This case helps compare mixed programs, publicness, and operational ideas related to the issue.|CASE-017::This case helps compare mixed programs, publicness, and operational ideas related to the issue.",https://www.mlit.go.jp/|https://www.meti.go.jp/,published,2026-07-05
ISSUE-027,都市农业与食育连接,都市農業と食育の接続,Design topic: 都市农业andfood education连接,近郊农地和城市家庭之间缺少可学习的中介空间，建筑可连接种植、食育、地方销售和环境教育。,都市農業は畑を残すだけでなく、食べる、学ぶ、働く、地域で分ける活動をどうつなぐかが課題になる。住宅地や近郊の余白を使い、食育と環境教育が日常的に見える拠点を考える。,"Use Design topic: 都市农业, food education, Design topic: 近郊, environmental education to frame “Design topic: 都市农业andfood education连接” as a spatial thesis topic. Connect it with site types and programs such as Design topic: 都市农园站, Design topic: food education教室, then develop it toward a proposal brief.",都市农业|食育|近郊|环境教育,都市農業|食育|近郊|環境教育|地域食,Design topic: 都市农业|food education|Design topic: 近郊|environmental education,SITE-012|SITE-006,都市农园站|食育教室|农产交流所,都市農園拠点|食育教室|農産交流所,Design topic: 都市农园站|Design topic: food education教室|Design topic: 农产exchange所,CASE-002|CASE-020|CASE-043|CASE-077|CASE-063,CASE-002::看环境教育如何通过参观动线被日常化。|CASE-020::看地方农产与休息节点如何结合。|CASE-043::看农产销售、地方木材和交通停留如何组织食育入口。,CASE-002::循環、教育、地域食を一つの公共体験として見せる事例。農と食の流れを学習化する参考になる。|CASE-020::地域食、交通、防災をまとめる道の駅型拠点として、生産地と生活サービスをつなげる構成を読める。|CASE-043::地域食と地域木材を交通拠点に組み込む事例。農産物と来訪者をつなぐ小さな公共建築として比較できる。|CASE-077::都市農業を建築内部の働く環境に入れた事例。農を展示ではなく日常のプロセスとして扱う視点がある。|CASE-063::道の駅を地域食と共創の場として扱う事例。農産物、会議、移動を同じ場所に重ねる参考になる。,"CASE-002::This case helps compare mixed programs, publicness, and operational ideas related to the issue.|CASE-020::This case helps compare mixed programs, publicness, and operational ideas related to the issue.|CASE-043::This case helps compare mixed programs, publicness, and operational ideas related to the issue.",https://www.maff.go.jp/|https://www.env.go.jp/,published,2026-07-05
ISSUE-028,医疗空白与日常咨询,医療空白と日常相談,Design topic: healthcare空白and日常consultation,地方和郊区的医疗访问困难会加重高龄者不安，街区可设置健康咨询、移动诊疗、药局和交流复合节点。,医療資源が少ない地域では、診療所そのものだけでなく、日常的な相談、健康確認、移動支援を受け止める場所が必要になる。図書館、薬局、道の駅、地域拠点を使い、医療前の不安に触れる空間を考える。,"Use healthcare, consultation, aging, local to frame “Design topic: healthcare空白and日常consultation” as a spatial thesis topic. Connect it with site types and programs such as Design topic: healthconsultation站, Design topic: mobility诊疗据点, then develop it toward a proposal brief.",医疗|咨询|高龄|地方|移动服务,医療|相談|高齢|地域|移動支援,healthcare|consultation|aging|local|mobilityservice,SITE-004|SITE-011,健康咨询站|移动诊疗据点|药局复合空间,健康相談拠点|移動診療拠点|薬局複合空間,Design topic: healthconsultation站|Design topic: mobility诊疗据点|Design topic: 药局复合space,CASE-027|CASE-020|CASE-019|CASE-079|CASE-092,CASE-027::看福祉与公共学习设施如何相邻。|CASE-020::看交通休息节点如何扩展为生活服务据点。|CASE-019::看车站型公共设施如何承接咨询、活动和生活手续。,CASE-027::図書館、福祉、地域木材を重ねる拠点として、医療目的以外でも訪れられる相談の入口を比較できる。|CASE-020::交通、防災、地域食、観光案内を受け止める道の駅型拠点。移動支援と生活サービスを重ねる参考になる。|CASE-019::駅前の公共サービスと相談をまとめる事例。医療前の不安を公共施設の中で受け止める配置を読める。|CASE-079::図書館とコミュニティセンターの複合更新として、健康相談を日常利用に混ぜる方法を比較できる。|CASE-092::大型図書館を地域の学習と滞在の拠点にする事例。医療情報や相談前の調べものを支える公共性を読める。,"CASE-027::This case helps compare mixed programs, publicness, and operational ideas related to the issue.|CASE-020::This case helps compare mixed programs, publicness, and operational ideas related to the issue.|CASE-019::This case helps compare mixed programs, publicness, and operational ideas related to the issue.",https://www.mhlw.go.jp/|https://www.soumu.go.jp/,published,2026-07-05
ISSUE-029,外国儿童学习支援,外国ルーツの子どもの学習支援,foreignchildrenlearningsupport,外国儿童和家长可能同时面对语言、学校制度和居住信息壁垒，需要学习、翻译、咨询和亲子交流空间。,外国ルーツの子どもには、言語学習だけでなく、宿題、進路、親の相談、地域との接点が同時に必要になる。学校外の放課後時間を支え、多文化の居場所として開ける学習拠点を考える。,"Use foreignchildren, Design topic: 语言, learning, multicultural to frame “foreignchildrenlearningsupport” as a spatial thesis topic. Connect it with site types and programs such as Design topic: multiculturallearning室, Design topic: 放课后support站, then develop it toward a proposal brief.",外国儿童|语言|学习|多文化,外国ルーツの子ども|言語|学習|多文化|放課後,foreignchildren|Design topic: 语言|learning|multicultural,SITE-008|SITE-002,多文化学习室|放课后支援站|家长咨询所,多文化学習室|放課後支援拠点|保護者相談所,Design topic: multiculturallearning室|Design topic: 放课后support站|Design topic: 家长consultation所,CASE-022|CASE-009|CASE-023|CASE-096|CASE-098|CASE-095,CASE-022::看多文化交流和学习功能如何放进同一公共设施。|CASE-009::看移民服务如何形成多文化入口。|CASE-023::看儿童阅读空间如何降低学习门槛。,CASE-022::図書館、市民活動、多文化利用を受け止める公共施設として、学習と地域参加を同時に支える構成を比較できる。|CASE-009::移民支援、相談、交流をまとめた公共施設。制度への入口を低くし、多文化の相談を建築化する参考になる。|CASE-023::子どもが本と出会う体験を都市の中で開く事例。学習を管理ではなく発見として扱う視点がある。|CASE-096::日系アメリカ人コミュニティの文化拠点として、アイデンティティ、学習、公共記憶を同じ場所で支える参考になる。|CASE-098::図書館を学習、制作、市民活動の開いたプラットフォームにする事例。多言語利用者にも入りやすい公共性を比較できる。|CASE-095::大学図書館の静かな学習環境として、集中と滞在を支える空間密度を読む参考になる。,"CASE-022::This case helps compare mixed programs, publicness, and operational ideas related to the issue.|CASE-009::This case helps compare mixed programs, publicness, and operational ideas related to the issue.|CASE-023::This case helps compare mixed programs, publicness, and operational ideas related to the issue.",https://www.mext.go.jp/|https://www.moj.go.jp/isa/,published,2026-07-05
ISSUE-030,地方祭典与公共记忆,地域祭礼と公共記憶,Design topic: local祭典andpublic记忆,地方祭典和民俗活动常缺少日常可用的保存、排练和展示空间，建筑可把记忆、旅游和居民交流连接起来。,地域祭礼は一時的なイベントで終わるものではなく、道具、記憶、稽古、世代間の継承を支える日常の場所を必要とする。観光化しすぎず、住民の記憶と来訪者の理解をつなぐ文化拠点を考える。,"Use Design topic: 祭典, localculture, exchange, tourism to frame “Design topic: local祭典andpublic记忆” as a spatial thesis topic. Connect it with site types and programs such as Design topic: 祭典资料馆, Design topic: community舞台, then develop it toward a proposal brief.",祭典|地方文化|交流|旅游,祭礼|地域文化|公共記憶|観光|継承,Design topic: 祭典|localculture|exchange|tourism,SITE-008|SITE-006,祭典资料馆|社区舞台|文化交流所,祭礼資料館|コミュニティ舞台|文化交流所,Design topic: 祭典资料馆|Design topic: community舞台|Design topic: cultureexchange所,CASE-027|CASE-028|CASE-060|CASE-096|CASE-100,CASE-027::看地方木造公共设施如何承载文化和多代交流。|CASE-028::看艺术住宿如何参与地方中心街区再生。|CASE-060::看传统文化、庭园和观光路线如何被组织成公共体验。,CASE-027::地域木材、図書館、福祉を重ねる拠点として、日常利用の中に地域文化を置く方法を比較できる。|CASE-028::宿泊、アート、中心市街地の回遊を組み合わせる事例。来訪者と地域文化の距離感を読む参考になる。|CASE-060::観光地の中で美術館、庭園、伝統文化を落ち着いた滞在としてまとめる事例。観光と生活景観の関係を比較できる。|CASE-096::文化センターとして移民コミュニティの記憶と表現を支える事例。祭礼や地域文化の継承拠点を考える手がかりになる。|CASE-100::庭園、学習、接待を小さな建築群で組み立てる事例。文化体験を過度に説明せず、滞在の流れで伝える方法を読める。,"CASE-027::This case helps compare mixed programs, publicness, and operational ideas related to the issue.|CASE-028::This case helps compare mixed programs, publicness, and operational ideas related to the issue.|CASE-060::This case helps compare mixed programs, publicness, and operational ideas related to the issue.",https://www.bunka.go.jp/|https://www.mlit.go.jp/kankocho/,published,2026-07-05
ISSUE-031,公共厕所与步行尊严,公共トイレと歩行の尊厳,Design topic: public toiletand步行尊严,公共厕所影响儿童、高龄者、游客、障碍者和夜间使用者是否敢停留，适合作为小尺度公共服务题目。,公共トイレは小さな施設だが、歩行者、高齢者、子ども、観光客の移動の安心を支える都市インフラでもある。清潔さ、安全性、バリアフリー、休憩を含めた歩行の尊厳を考える。,"Use public toilet, Design topic: 步行, safety, Design topic: 无障碍 to frame “Design topic: public toiletand步行尊严” as a spatial thesis topic. Connect it with site types and programs such as public toiletrenewal, Design topic: 步行休息站, then develop it toward a proposal brief.",公共厕所|步行|安全|无障碍,公共トイレ|歩行|安全|バリアフリー|休憩,public toilet|Design topic: 步行|safety|Design topic: 无障碍,SITE-016|SITE-004,公共厕所更新|步行休息站|小型公共服务亭,公共トイレ更新|歩行休憩拠点|小型公共サービス亭,public toiletrenewal|Design topic: 步行休息站|Design topic: 小型public service亭,CASE-031|CASE-029|CASE-019|CASE-068|CASE-094,CASE-031::看厕所如何通过设计和维护成为城市公共服务。|CASE-029::看非商业停留空间如何支持青少年和市民。|CASE-019::看咨询和公共服务如何嵌入交通节点。,CASE-031::公共トイレを都市の小さな建築として扱う事例。安全、可視性、バリアフリー、デザインの関係を比較できる。|CASE-029::図書館と市民活動を重ねる第三の居場所として、歩行の途中で休める公共性を読む参考になる。|CASE-019::駅前公共サービスの拠点として、トイレや休憩を生活動線に組み込む配置を比較できる。|CASE-068::高架下の公園利用をめぐる事例。小さな公共サービスと若者の活動がぶつかる都市空間を読める。|CASE-094::駅を都市の歩行拠点として設計する事例。移動、休憩、案内をまとめるインフラの公共性を比較できる。,"CASE-031::This case helps compare mixed programs, publicness, and operational ideas related to the issue.|CASE-029::This case helps compare mixed programs, publicness, and operational ideas related to the issue.|CASE-019::This case helps compare mixed programs, publicness, and operational ideas related to the issue.",https://tokyotoilet.jp/en/|https://www.mlit.go.jp/,published,2026-07-05
ISSUE-032,避难所隐私与生活尊严,避難所のプライバシーと生活の尊厳,Design topic: evacuation所隐私and生活尊严,体育馆式避难常缺少隐私、睡眠和家庭边界，建筑可研究可快速部署、可储备、可平时学习的避难系统。,避難所では命を守るだけでなく、睡眠、着替え、家族の距離、情報、衛生といった生活の尊厳が問われる。平常時にも使える公共施設や備蓄空間を前提に、災害時へ切り替わる仕組みを考える。,"Use evacuation, Design topic: 隐私, disaster prevention, Design topic: 临时系统 to frame “Design topic: evacuation所隐私and生活尊严” as a spatial thesis topic. Connect it with site types and programs such as Design topic: evacuation隔间系统, Design topic: disaster preventionlearning仓库, then develop it toward a proposal brief.",避难|隐私|防灾|临时系统,避難|プライバシー|防災|仮設システム|生活再建,evacuation|Design topic: 隐私|disaster prevention|Design topic: 临时系统,SITE-010|SITE-005,避难隔间系统|防灾学习仓库|平灾转换体育馆,避難間仕切りシステム|防災学習倉庫|平時利用型体育館,Design topic: evacuation隔间系统|Design topic: disaster preventionlearning仓库|Design topic: 平灾转换体育馆,CASE-081|CASE-015|CASE-056|CASE-096,,CASE-081::震災後の市民交流拠点として、復興、図書館、子育て支援を重ねる公共施設の役割を比較できる。|CASE-015::この事例は、課題に近い公共性、運営、滞在、プログラム複合を比較するための参考になる。|CASE-056::この事例は、課題に近い公共性、運営、滞在、プログラム複合を比較するための参考になる。|CASE-096::この事例は、課題に近い公共性、運営、滞在、プログラム複合を比較するための参考になる。,,https://www.bousai.go.jp/|https://shigerubanarchitects.com/works/paper-tubes/paper-partition-system4/,published,2026-07-05
ISSUE-033,温泉街衰退与健康旅游,温泉街の衰退と健康観光,Design topic: 温泉街衰退andhealthtourism,温泉街若只依赖住宿消费会变脆弱，可通过足汤、地域食、健康咨询和小剧场形成居民也能使用的公共节点。,温泉街の衰退は宿泊客の減少だけでなく、住民の健康、商店街、移動、食の場所が弱くなる問題でもある。足湯や小さな温浴を入口に、短時間滞在と地域交流を支える拠点を考える。,"Use Design topic: 温泉街, health, tourism, local food to frame “Design topic: 温泉街衰退andhealthtourism” as a spatial thesis topic. Connect it with site types and programs such as Design topic: 温泉exchange馆, Design topic: 足汤广场, then develop it toward a proposal brief.",温泉街|健康|旅游|地域食,温泉街|健康|観光|地域食|滞在,Design topic: 温泉街|health|tourism|local food,SITE-018|SITE-013,温泉交流馆|足汤广场|健康旅游案内所,温泉交流館|足湯広場|健康観光案内所,Design topic: 温泉exchange馆|Design topic: 足汤广场|Design topic: healthtourism案内所,CASE-033|CASE-008|CASE-020|CASE-060,CASE-033::看足汤、店铺和生态空间如何被一个屋顶整合。|CASE-008::看温浴与车站复合如何形成公共客厅。|CASE-020::看地方销售和休息服务如何支撑旅游节点。,CASE-033::足湯、地域食、観光案内をまとめる小拠点として、温泉街の短時間滞在を交流へ変える方法を読める。|CASE-008::駅と温浴を組み合わせる復興拠点として、移動と健康交流を同じ場所に置く参考になる。|CASE-020::道の駅型拠点として、交通、食、防災、観光をまとめる構成を比較できる。|CASE-060::観光地で美術館、庭園、伝統文化を落ち着いた滞在に変える事例。温泉街の観光と住民利用の距離感を考える手がかりになる。,"CASE-033::This case helps compare mixed programs, publicness, and operational ideas related to the issue.|CASE-008::This case helps compare mixed programs, publicness, and operational ideas related to the issue.|CASE-020::This case helps compare mixed programs, publicness, and operational ideas related to the issue.",https://www.mlit.go.jp/kankocho/|https://www.mhlw.go.jp/,published,2026-07-05
ISSUE-034,不登校与替代学习空间,不登校と代替学習空間,Design topic: 不登校and替代learningspace,不登校儿童需要非学校式但有秩序的学习、咨询和同伴空间，设计重点是低压力入口和可选择的停留方式。,不登校の子どもに必要なのは、学校の代替だけではなく、安心して過ごす時間、少人数の学び、相談、創作、親との距離を調整できる場所である。管理された教室ではない第三の学習空間を考える。,"Use Design topic: 不登校, Design topic: 替代learning, children, consultation to frame “Design topic: 不登校and替代learningspace” as a spatial thesis topic. Connect it with site types and programs such as Design topic: 替代learning室, childrenthird place, then develop it toward a proposal brief.",不登校|替代学习|儿童|咨询,不登校|代替学習|子ども|相談|第三の居場所,Design topic: 不登校|Design topic: 替代learning|children|consultation,SITE-017|SITE-008,替代学习室|儿童第三空间|家长咨询站,代替学習室|子どもの第三の居場所|保護者相談拠点,Design topic: 替代learning室|childrenthird place|Design topic: 家长consultation站,CASE-029|CASE-036|CASE-023|CASE-095|CASE-098,CASE-029::看青少年活动和图书馆如何并置为低压力停留场所。|CASE-036::看开放学习环境如何支持自主学习。|CASE-023::看儿童阅读空间如何激发安全探索。,CASE-029::図書館、青少年、市民活動を重ねる事例。学校以外の学びと居場所を同時に支える参考になる。|CASE-036::アート大学図書館として、創作と静かな学習が同居する空間を読む参考になる。|CASE-023::子どもが本と出会う体験を開く事例。管理ではなく発見から学びを支える考え方がある。|CASE-095::集中して滞在できる学習空間として、静けさ、見通し、居場所の密度を比較できる。|CASE-098::図書館を市民活動と制作のプラットフォームにする事例。学校外の学びを公共空間へ広げる参考になる。,"CASE-029::This case helps compare mixed programs, publicness, and operational ideas related to the issue.|CASE-036::This case helps compare mixed programs, publicness, and operational ideas related to the issue.|CASE-023::This case helps compare mixed programs, publicness, and operational ideas related to the issue.",https://www.mext.go.jp/|https://www.cfa.go.jp/,published,2026-07-05
ISSUE-035,地方创业与共创办公,地域起業と共創オフィス,Design topic: local创业and共创办公,地方城市需要低成本试错空间，把空置楼层变成共享办公、活动、展示和生活服务，可降低创业门槛。,地域起業には机と会議室だけでなく、試作、展示、相談、偶然の出会い、地域への見せ方が必要になる。空きフロアや旧工業地を使い、小さな事業が街と関係を持つ共創拠点を考える。,"Use Design topic: 创业, Design topic: shared办公, localregeneration, Design topic: 空置楼层 to frame “Design topic: local创业and共创办公” as a spatial thesis topic. Connect it with site types and programs such as Design topic: 共创办公, Design topic: openmeeting室, then develop it toward a proposal brief.",创业|共享办公|地方再生|空置楼层,起業|シェアオフィス|地域再生|空きフロア|共創,Design topic: 创业|Design topic: shared办公|localregeneration|Design topic: 空置楼层,SITE-019|SITE-009,共创办公|开放会议室|创业展示场,共創オフィス|開放会議室|起業展示場,Design topic: 共创办公|Design topic: openmeeting室|Design topic: 创业exhibition场,CASE-035|CASE-028|CASE-089|CASE-039|CASE-038,CASE-035::看共创平台如何组织创业者和研究者。|CASE-028::看中心街区再生如何借住宿和艺术形成触媒。,CASE-035::研究、共創、シェアオフィスを組み合わせる事例。起業支援を閉じたオフィスではなく交流の場として読む。|CASE-028::既存建物、宿泊、アート、街の回遊を合わせる再生事例。起業と都市滞在をつなぐ参考になる。|CASE-089::再利用材と小規模事業者の集合による共創拠点。地域起業の小さな単位と運営の仕組みを比較できる。|CASE-039::高架下に商業とシェアオフィスを入れる事例。街区文化と起業支援を同時に扱う参考になる。|CASE-038::この事例は、課題に近い公共性、運営、滞在、プログラム複合を比較するための参考になる。,"CASE-035::This case helps compare mixed programs, publicness, and operational ideas related to the issue.|CASE-028::This case helps compare mixed programs, publicness, and operational ideas related to the issue.",https://www.meti.go.jp/|https://www.soumu.go.jp/,published,2026-07-05
ISSUE-036,雨水管理与日常公园,雨水管理と日常公園,Design topic: 雨水管理and日常park,调节池和雨水设施常被隐藏，若转化为可进入的学习、公园和防灾节点，可把基础设施变成公共教育资源。,雨水管理は排水設備だけで解くのではなく、日常の公園、学習、涼しさ、生態環境として見せることができる。調整池や低地を使い、防災と遊びが両立するグリーンインフラを考える。,"Use Design topic: 雨水, Design topic: 蓝绿基础facility, disaster prevention, park to frame “Design topic: 雨水管理and日常park” as a spatial thesis topic. Connect it with site types and programs such as Design topic: 雨水learningpark, Design topic: 调节池展望廊, then develop it toward a proposal brief.",雨水|蓝绿基础设施|防灾|公园,雨水|グリーンインフラ|防災|公園|生態,Design topic: 雨水|Design topic: 蓝绿基础facility|disaster prevention|park,SITE-020|SITE-006,雨水学习公园|调节池展望廊|防灾生态馆,雨水学習公園|調整池展望廊|防災生態館,Design topic: 雨水learningpark|Design topic: 调节池展望廊|Design topic: disaster prevention生态馆,CASE-016|CASE-014|CASE-056|CASE-077,CASE-016::看生态绿化如何进入公共建筑体验。|CASE-014::看水边公共空间如何承接日常散步。,CASE-016::建築と緑化を一体化し、暑熱、生態、休憩を立体的に扱う事例。都市環境を見せる参考になる。|CASE-014::川沿いの歩行と休憩を連続させる事例。水辺を都市生活の基盤として読む手がかりになる。|CASE-056::旧商業施設跡を水と公園の空間へ変える事例。雨水や水辺を都市更新の中心に置く方法を比較できる。|CASE-077::都市農業を建築内に入れる事例。環境教育を日常の働く場所に見せる考え方が参考になる。,"CASE-016::This case helps compare mixed programs, publicness, and operational ideas related to the issue.|CASE-014::This case helps compare mixed programs, publicness, and operational ideas related to the issue.",https://www.mlit.go.jp/river/|https://www.env.go.jp/,published,2026-07-05
ISSUE-037,高龄者步行休息网络,高齢者の歩行休憩ネットワーク,Design topic: aging者步行休息网络,高龄者出门距离受厕所、座椅、阴影和求助点影响，毕业设计可把小节点串成可步行生活圈。,高齢者の外出は、目的地よりも途中の休憩、トイレ、日陰、見守りの有無に左右される。街角の小さな休息点を連続させ、歩くこと自体を支える公共サービスのネットワークを考える。,"Use aging, Design topic: 步行, Design topic: 休息, Design topic: 厕所 to frame “Design topic: aging者步行休息网络” as a spatial thesis topic. Connect it with site types and programs such as Design topic: 街角休息亭, Design topic: 步行support网络, then develop it toward a proposal brief.",高龄|步行|休息|厕所,高齢|歩行|休息|トイレ|見守り,aging|Design topic: 步行|Design topic: 休息|Design topic: 厕所,SITE-016|SITE-017,街角休息亭|步行支援网络|小型健康站,街角休息亭|歩行支援ネットワーク|小型健康拠点,Design topic: 街角休息亭|Design topic: 步行support网络|Design topic: 小型health站,CASE-031|CASE-027|CASE-029|CASE-094|CASE-079,CASE-031::看公共厕所如何支撑安心步行。|CASE-027::看地方公共设施如何支持多代停留。|CASE-029::看非商业学习和休息空间如何成为日常目的地。,CASE-031::公共トイレを都市の小さな建築として扱う事例。歩行中の安心と尊厳を支える要素を比較できる。|CASE-027::高齢者も子どもも滞在できる地域拠点として、休息と交流を重ねる公共性を読める。|CASE-029::図書館と市民活動の第三の居場所として、街中で休める公共施設の使われ方を比較できる。|CASE-094::駅を都市の移動拠点として設計する事例。歩行支援、案内、滞留をインフラに組み込む参考になる。|CASE-079::図書館とコミュニティ施設を合わせた地域拠点。高齢者が目的を限定せず立ち寄れる場所のつくり方を読める。,"CASE-031::This case helps compare mixed programs, publicness, and operational ideas related to the issue.|CASE-027::This case helps compare mixed programs, publicness, and operational ideas related to the issue.|CASE-029::This case helps compare mixed programs, publicness, and operational ideas related to the issue.",https://www8.cao.go.jp/kourei/|https://www.mlit.go.jp/,published,2026-07-05
ISSUE-038,旧铁路用地与小店创业,旧鉄道用地と小規模店舗起業,Design topic: 旧铁路用地and小店创业,铁路地下化或高架更新后出现线性空地，可成为小店创业、活动、市集和步行连接的轻量街区更新题目。,旧鉄道用地は、長い線状の余白を持つため、歩行、小店舗、滞在、地域イベントを連続させやすい。大きな再開発ではなく、小さな起業が並ぶ街区として更新する方法を考える。,"Use Design topic: 旧铁路用地, Design topic: 小店创业, Design topic: 步行, neighborhoodrenewal to frame “Design topic: 旧铁路用地and小店创业” as a spatial thesis topic. Connect it with site types and programs such as Design topic: 线性市集, Design topic: 小店孵化街, then develop it toward a proposal brief.",旧铁路用地|小店创业|步行|街区更新,旧鉄道用地|小店舗起業|歩行|街区更新|線状空間,Design topic: 旧铁路用地|Design topic: 小店创业|Design topic: 步行|neighborhoodrenewal,SITE-015|SITE-019,线性市集|小店孵化街|共享活动廊,線状マーケット|小店舗インキュベーション街区|シェア活動廊,Design topic: 线性市集|Design topic: 小店孵化街|Design topic: sharedactivity廊,CASE-038|CASE-039|CASE-028|CASE-068|CASE-089,CASE-038::看旧铁路用地如何转成低门槛小店街。|CASE-039::看高架下如何容纳商业、工作和街区文化。|CASE-028::看地方中心街区再生如何引入艺术和住宿。,CASE-038::旧鉄道用地を小店舗と歩行の街区へ変える事例。小さな起業が街に表れる構成を直接比較できる。|CASE-039::高架下に商業、シェアオフィス、街区文化を重ねる事例。線状空間を日常的に運営する方法を読める。|CASE-028::既存建物と街の回遊を組み合わせる再生事例。滞在と都市回遊をつなぐ参考になる。|CASE-068::高架下空間を若者の運動や公園利用へ開く事例。インフラ下の公共性と管理の問題を比較できる。|CASE-089::小規模事業者が集まる共創拠点として、線状街区に入れる活動単位を考える参考になる。,"CASE-038::This case helps compare mixed programs, publicness, and operational ideas related to the issue.|CASE-039::This case helps compare mixed programs, publicness, and operational ideas related to the issue.|CASE-028::This case helps compare mixed programs, publicness, and operational ideas related to the issue.",https://www.mlit.go.jp/|https://www.meti.go.jp/,published,2026-07-05
ISSUE-039,学生制作与开放工坊,学生制作と開かれた工房,Design topic: 学生makingandopenworkshop,建筑、设计和工科学生需要可试错、可展示、可交流的开放工坊，学校周边也可向社区打开学习生产。,学生の制作空間は、作品をつくる場所であると同時に、材料、道具、相談、展示、地域との接点を持つ学習環境でもある。学校内外に開かれた工房として、制作と公共性の関係を考える。,"Use Design topic: 学生, openworkshop, making, learning to frame “Design topic: 学生makingandopenworkshop” as a spatial thesis topic. Connect it with site types and programs such as openworkshop, Design topic: 学生makingcenter, then develop it toward a proposal brief.",学生|开放工坊|制作|学习,学生|開放工房|制作|学習|展示,Design topic: 学生|openworkshop|making|learning,SITE-019|SITE-009,开放工坊|学生制作中心|社区展示实验室,開放工房|学生制作センター|コミュニティ展示ラボ,openworkshop|Design topic: 学生makingcenter|Design topic: communityexhibition实验室,CASE-034|CASE-036|CASE-035|CASE-095|CASE-070|CASE-089,CASE-034::看无固定边界的一室空间如何支持制作和交流。|CASE-036::看大学图书馆如何激发创作和学习。|CASE-035::看共创办公如何连接学生、企业和研究者。,CASE-034::開放的な工房空間として、制作、移動、視線の自由度を比較できる直接的な参考事例。|CASE-036::アート大学図書館として、学習と創作が重なる静かな公共性を読める。|CASE-035::共創と研究の拠点として、制作と交流を運営でつなぐ方法を比較できる。|CASE-095::集中して学ぶ図書館空間として、制作前後の調査や滞在を支える環境を読める。|CASE-070::地域図書館として、学習と市民活動が重なる公共施設の空間密度を比較できる。|CASE-089::再利用材と制作コミュニティの拠点として、工房を地域活動へ開く運営モデルを読める。,"CASE-034::This case helps compare mixed programs, publicness, and operational ideas related to the issue.|CASE-036::This case helps compare mixed programs, publicness, and operational ideas related to the issue.|CASE-035::This case helps compare mixed programs, publicness, and operational ideas related to the issue.",https://www.mext.go.jp/|https://www.meti.go.jp/,published,2026-07-05
ISSUE-040,灾后社区记忆与共同客厅,災後の地域記憶と共同リビング,Design topic: post-disastercommunity记忆andshared living room,灾后重建不仅是住房和道路，也需要能承载记忆、相遇和日常恢复的小型共同客厅。,災後の復興では、住宅やインフラだけでなく、人が集まり直し、記憶を話し、日常を取り戻す場所が必要になる。共同リビング、記憶資料室、食事、学習が重なる小さな公共拠点を考える。,"Use Design topic: post-disaster复兴, Design topic: 记忆, shared living room, community to frame “Design topic: post-disastercommunity记忆andshared living room” as a spatial thesis topic. Connect it with site types and programs such as post-disastershared living room, Design topic: 记忆资料室, then develop it toward a proposal brief.",灾后复兴|记忆|共同客厅|社区,災後復興|記憶|共同リビング|コミュニティ|生活再建,Design topic: post-disaster复兴|Design topic: 记忆|shared living room|community,SITE-010|SITE-008,灾后共同客厅|记忆资料室|复兴交流所,災後共同リビング|記憶資料室|復興交流所,post-disastershared living room|Design topic: 记忆资料室|Design topic: 复兴exchange所,CASE-015|CASE-081|CASE-096|CASE-100|CASE-056,CASE-015::看灾害记忆设施如何连接复兴和日常交流。,CASE-015::震災の記憶を学習と地域の再出発へつなげる公共施設として、展示と日常の距離を読める。|CASE-081::震災後の市民交流拠点として、図書館、子育て、博物館、カフェを街の再生に結びつける参考になる。|CASE-096::この事例は、課題に近い公共性、運営、滞在、プログラム複合を比較するための参考になる。|CASE-100::この事例は、課題に近い公共性、運営、滞在、プログラム複合を比較するための参考になる。|CASE-056::この事例は、課題に近い公共性、運営、滞在、プログラム複合を比較するための参考になる。,"CASE-015::This case helps compare mixed programs, publicness, and operational ideas related to the issue.",https://www.bousai.go.jp/|https://www.home-for-all.org/about,published,2026-07-05
ISSUE-041,离岛港口与生活服务萎缩,離島港と生活サービスの縮小,Design topic: 离岛港口and生活service萎缩,离岛港口既是居民生活入口也是观光入口，建筑可把候船、物流、医疗咨询、档案和导览复合起来。,離島の港を、観光だけでなく生活サービス、待合、医療相談、物流、地域案内が重なる公共拠点として捉える。小さな島の移動と日常を支える卒業設計の入口にする。,"Use Design topic: 离岛, Design topic: 港口, Design topic: 生活service, tourism to frame “Design topic: 离岛港口and生活service萎缩” as a spatial thesis topic. Connect it with site types and programs such as Design topic: 离岛港口客厅, Design topic: 候船exchange所, then develop it toward a proposal brief.",离岛|港口|生活服务|观光,離島|港|生活サービス|観光|地域交通,Design topic: 离岛|Design topic: 港口|Design topic: 生活service|tourism,SITE-006|SITE-012,离岛港口客厅|候船交流所|岛屿生活服务站,離島港リビング|候船交流所|島嶼生活サービス拠点,Design topic: 离岛港口客厅|Design topic: 候船exchange所|Design topic: 岛屿生活service站,CASE-041|CASE-045|CASE-020|CASE-101,CASE-041::看离岛工业遗产如何转化为艺术与环境体验。|CASE-045::看艺术设施如何与岛屿自然和到访路径结合。|CASE-020::看交通休息节点如何扩展为生活服务据点。,CASE-041::この事例は、課題に近い用途の複合、公共性、運営、滞在のつくり方を比較するための参考になる。|CASE-045::この事例は、課題に近い用途の複合、公共性、運営、滞在のつくり方を比較するための参考になる。|CASE-020::この事例は、課題に近い用途の複合、公共性、運営、滞在のつくり方を比較するための参考になる。|CASE-101::この事例は、課題に近い用途の複合、公共性、運営、滞在のつくり方を比較するための参考になる。,"CASE-041::This case helps compare mixed programs, publicness, and operational ideas related to the issue.|CASE-045::This case helps compare mixed programs, publicness, and operational ideas related to the issue.|CASE-020::This case helps compare mixed programs, publicness, and operational ideas related to the issue.",https://www.mlit.go.jp/kankocho/|https://www.soumu.go.jp/,published,2026-07-05
ISSUE-042,工业遗产与环境学习,産業遺産と環境学習,Design topic: 工业heritageand环境learning,旧工业设施常被视为负资产，但其结构、材料和污染记忆可转为环境教育、展览和地方再生题目。,使われなくなった工場、倉庫、産業施設を、環境学習、展示、地域活動へ転用する課題。産業の記憶を残しながら、現代の学習と交流へ開く方法を探る。,"Use Design topic: 工业heritage, environmental education, reuse, localregeneration to frame “Design topic: 工业heritageand环境learning” as a spatial thesis topic. Connect it with site types and programs such as Design topic: 工业heritage馆, Design topic: 环境learningcenter, then develop it toward a proposal brief.",工业遗产|环境教育|再利用|地方再生,産業遺産|環境教育|再利用|地域再生|展示,Design topic: 工业heritage|environmental education|reuse|localregeneration,SITE-009,工业遗产馆|环境学习中心|旧厂房展览场,産業遺産館|環境学習センター|旧工場展示場,Design topic: 工业heritage馆|Design topic: 环境learningcenter|Design topic: 旧厂房exhibition场,CASE-041|CASE-017|CASE-005|CASE-099,CASE-041::看旧精炼所如何保留遗构并转为艺术体验。|CASE-017::看港湾和生产展示如何形成开放复合体。|CASE-005::看旧学校如何通过艺术和社区活动再利用。,CASE-041::この事例は、課題に近い用途の複合、公共性、運営、滞在のつくり方を比較するための参考になる。|CASE-017::この事例は、課題に近い用途の複合、公共性、運営、滞在のつくり方を比較するための参考になる。|CASE-005::この事例は、課題に近い用途の複合、公共性、運営、滞在のつくり方を比較するための参考になる。|CASE-099::この事例は、課題に近い用途の複合、公共性、運営、滞在のつくり方を比較するための参考になる。,"CASE-041::This case helps compare mixed programs, publicness, and operational ideas related to the issue.|CASE-017::This case helps compare mixed programs, publicness, and operational ideas related to the issue.|CASE-005::This case helps compare mixed programs, publicness, and operational ideas related to the issue.",https://www.env.go.jp/|https://www.meti.go.jp/,published,2026-07-05
ISSUE-043,车站前图书馆与紧凑城市,駅前図書館とコンパクトシティ,Design topic: station前libraryand紧凑urban,地方城市车站前空洞化时，图书馆可成为学习、市民活动、观光信息和日常停留的复合入口。,駅前に図書館や市民学習機能を置き、通過するだけの場所を日常的な滞在拠点へ変える課題。コンパクトシティの入口として公共施設を考える。,"Use Design topic: station前, library, Design topic: 紧凑urban, learning to frame “Design topic: station前libraryand紧凑urban” as a spatial thesis topic. Connect it with site types and programs such as Design topic: station前library, citizenlearningcenter, then develop it toward a proposal brief.",车站前|图书馆|紧凑城市|学习,駅前|図書館|コンパクトシティ|学習|市民活動,Design topic: station前|library|Design topic: 紧凑urban|learning,SITE-008|SITE-004,车站前图书馆|市民学习中心|城市入口客厅,駅前図書館|市民学習センター|都市入口リビング,Design topic: station前library|citizenlearningcenter|Design topic: urbanentry客厅,CASE-042|CASE-021|CASE-029|CASE-101|CASE-105,CASE-042::看车站前图书馆如何服务紧凑城市和市民活动。|CASE-021::看文化复合体如何进入城市中心。|CASE-029::看图书馆与青少年活动如何支撑非商业停留。,CASE-042::この事例は、課題に近い用途の複合、公共性、運営、滞在のつくり方を比較するための参考になる。|CASE-021::この事例は、課題に近い用途の複合、公共性、運営、滞在のつくり方を比較するための参考になる。|CASE-029::この事例は、課題に近い用途の複合、公共性、運営、滞在のつくり方を比較するための参考になる。|CASE-101::この事例は、課題に近い用途の複合、公共性、運営、滞在のつくり方を比較するための参考になる。|CASE-105::この事例は、課題に近い用途の複合、公共性、運営、滞在のつくり方を比較するための参考になる。,"CASE-042::This case helps compare mixed programs, publicness, and operational ideas related to the issue.|CASE-021::This case helps compare mixed programs, publicness, and operational ideas related to the issue.|CASE-029::This case helps compare mixed programs, publicness, and operational ideas related to the issue.",https://www.mlit.go.jp/|https://www.mext.go.jp/,published,2026-07-05
ISSUE-044,道之驿与地方生活服务,道の駅と地域生活サービス,Design topic: roadside stationandlocal生活service,道之驿不应只服务过路游客，也可成为买菜、休息、防灾、医疗巡回和地方信息的复合生活节点。,道の駅を、車の休憩所だけでなく、地域食、行政相談、買い物、観光案内、移動支援が集まる生活サービス拠点として再編集する。,"Use roadside station, localservice, local food, transport to frame “Design topic: roadside stationandlocal生活service” as a spatial thesis topic. Connect it with site types and programs such as Design topic: roadside stationcommunity馆, localdining room, then develop it toward a proposal brief.",道之驿|地方服务|地域食|交通,道の駅|地域サービス|地域食|交通|生活支援,roadside station|localservice|local food|transport,SITE-012,道之驿社区馆|地方食堂|移动服务据点,道の駅コミュニティ館|地域食堂|移動サービス拠点,Design topic: roadside stationcommunity馆|localdining room|Design topic: mobilityservice据点,CASE-043|CASE-020|CASE-033|CASE-063,CASE-043::看道之驿如何用地方材料和大屋顶形成地方象征。|CASE-020::看交通休息节点如何承接地方销售和防灾支援。|CASE-033::看温泉街休息与地方服务如何被整合。,CASE-043::この事例は、課題に近い用途の複合、公共性、運営、滞在のつくり方を比較するための参考になる。|CASE-020::この事例は、課題に近い用途の複合、公共性、運営、滞在のつくり方を比較するための参考になる。|CASE-033::この事例は、課題に近い用途の複合、公共性、運営、滞在のつくり方を比較するための参考になる。|CASE-063::この事例は、課題に近い用途の複合、公共性、運営、滞在のつくり方を比較するための参考になる。,"CASE-043::This case helps compare mixed programs, publicness, and operational ideas related to the issue.|CASE-020::This case helps compare mixed programs, publicness, and operational ideas related to the issue.|CASE-033::This case helps compare mixed programs, publicness, and operational ideas related to the issue.",https://www.mlit.go.jp/road/Michi-no-Eki/|https://www.maff.go.jp/,published,2026-07-05
ISSUE-045,艺术旅游与居民日常调停,アート観光と住民の日常の調停,Design topic: arttourismandresident日常调停,艺术节和美术馆会带来游客，也可能改变小镇日常；建筑可设置居民服务、导览、休息和交流的调停空间。,アート観光で外から人が来る地域に、住民の日常、案内、滞在、休憩が共存する小さな公共空間をつくる課題。観光と生活の距離を調整する。,"Use arttourism, Design topic: resident生活, localregeneration, art museum to frame “Design topic: arttourismandresident日常调停” as a spatial thesis topic. Connect it with site types and programs such as Design topic: artguide所, Design topic: resident游客客厅, then develop it toward a proposal brief.",艺术旅游|居民生活|地方再生|美术馆,アート観光|住民生活|地域再生|美術館|滞在,arttourism|Design topic: resident生活|localregeneration|art museum,SITE-008|SITE-006,艺术导览所|居民游客客厅|小型文化服务站,アート案内所|住民来訪者リビング|小型文化サービス拠点,Design topic: artguide所|Design topic: resident游客客厅|Design topic: 小型cultureservice站,CASE-047|CASE-041|CASE-045|CASE-103|CASE-102,CASE-047::看美术馆如何作为城市街景再生核心。,CASE-047::この事例は、課題に近い用途の複合、公共性、運営、滞在のつくり方を比較するための参考になる。|CASE-041::この事例は、課題に近い用途の複合、公共性、運営、滞在のつくり方を比較するための参考になる。|CASE-045::この事例は、課題に近い用途の複合、公共性、運営、滞在のつくり方を比較するための参考になる。|CASE-103::この事例は、課題に近い用途の複合、公共性、運営、滞在のつくり方を比較するための参考になる。|CASE-102::この事例は、課題に近い用途の複合、公共性、運営、滞在のつくり方を比較するための参考になる。,"CASE-047::This case helps compare mixed programs, publicness, and operational ideas related to the issue.",https://towadaartcenter.com/en/about/|https://www.bunka.go.jp/,published,2026-07-05
ISSUE-046,自然光与安静疗愈空间,自然光と静かな癒やしの空間,Design topic: nature光and安静疗愈space,高压学习和工作环境中需要非医疗的安静恢复空间，美术馆、图书馆和水边可提供沉静、低刺激的空间原型。,強いイベント性ではなく、自然光、静けさ、水辺、庭、読書を通じて心身を整える空間を考える課題。都市の中の落ち着いた第三の居場所を探る。,"Use Design topic: 疗愈, Design topic: nature光, Design topic: 安静, third place to frame “Design topic: nature光and安静疗愈space” as a spatial thesis topic. Connect it with site types and programs such as Design topic: 静默阅读室, Design topic: 光庭疗愈馆, then develop it toward a proposal brief.",疗愈|自然光|安静|第三空间,癒やし|自然光|静けさ|第三の居場所|読書,Design topic: 疗愈|Design topic: nature光|Design topic: 安静|third place,SITE-006|SITE-008,静默阅读室|光庭疗愈馆|水边沉思空间,静かな読書室|光庭の癒やし館|水辺の思索空間,Design topic: 静默阅读室|Design topic: 光庭疗愈馆|Design topic: waterfront沉思space,CASE-046|CASE-045|CASE-018|CASE-102|CASE-104,CASE-046::看地下美术馆如何用自然光建立沉静体验。|CASE-045::看自然、风和身体感知如何成为空间核心。|CASE-018::看图书馆如何提供安静的城市学习环境。,CASE-046::この事例は、課題に近い用途の複合、公共性、運営、滞在のつくり方を比較するための参考になる。|CASE-045::この事例は、課題に近い用途の複合、公共性、運営、滞在のつくり方を比較するための参考になる。|CASE-018::この事例は、課題に近い用途の複合、公共性、運営、滞在のつくり方を比較するための参考になる。|CASE-102::この事例は、課題に近い用途の複合、公共性、運営、滞在のつくり方を比較するための参考になる。|CASE-104::この事例は、課題に近い用途の複合、公共性、運営、滞在のつくり方を比較するための参考になる。,"CASE-046::This case helps compare mixed programs, publicness, and operational ideas related to the issue.|CASE-045::This case helps compare mixed programs, publicness, and operational ideas related to the issue.|CASE-018::This case helps compare mixed programs, publicness, and operational ideas related to the issue.",https://www.mhlw.go.jp/|https://benesse-artsite.jp/en/art/chichu.html,published,2026-07-05
ISSUE-047,公园服务设施与城市安全,公園サービス施設と都市安全,parkservicefacilityandurbansafety,公园的厕所、照明、座椅和小店决定停留质量，建筑可把这些低调设施整合为安全、无障碍的公共节点。,公園のトイレ、休憩所、案内、見守りを、都市安全とバリアフリーを支える小さな公共建築として捉える。誰でも使える日常インフラを設計する。,"Use park, public toilet, safety, Design topic: 无障碍 to frame “parkservicefacilityandurbansafety” as a spatial thesis topic. Connect it with site types and programs such as Design topic: parkservice亭, Design topic: public toilet休息站, then develop it toward a proposal brief.",公园|公共厕所|安全|无障碍,公園|公共トイレ|安全|バリアフリー|休憩,park|public toilet|safety|Design topic: 无障碍,SITE-016|SITE-008,公园服务亭|公共厕所休息站|无障碍公园节点,公園サービス亭|公共トイレ休憩拠点|バリアフリー公園ノード,Design topic: parkservice亭|Design topic: public toilet休息站|Design topic: 无障碍park节点,CASE-044|CASE-031|CASE-050|CASE-040,CASE-044::看厕所小屋如何融入公园并改善安全感。|CASE-031::看公共厕所网络如何提升城市步行尊严。,CASE-044::この事例は、課題に近い用途の複合、公共性、運営、滞在のつくり方を比較するための参考になる。|CASE-031::この事例は、課題に近い用途の複合、公共性、運営、滞在のつくり方を比較するための参考になる。|CASE-050::この事例は、課題に近い用途の複合、公共性、運営、滞在のつくり方を比較するための参考になる。|CASE-040::この事例は、課題に近い用途の複合、公共性、運営、滞在のつくり方を比較するための参考になる。,"CASE-044::This case helps compare mixed programs, publicness, and operational ideas related to the issue.|CASE-031::This case helps compare mixed programs, publicness, and operational ideas related to the issue.",https://tokyotoilet.jp/en/|https://www.mlit.go.jp/,published,2026-07-05
ISSUE-048,城市中心线性公园再生,都心線形公園の再生,Design topic: urbancenter线性parkregeneration,城市中心大路和线性公园常被交通割裂，更新可叠加步行、运动、店铺、活动和休息网络。,都心の細長い公園や歩行空間を、通過路ではなく休憩、運動、出店、イベントが重なる都市の活動軸として再生する課題。,"Use Design topic: 线性park, urbancenter, Design topic: 步行, activity to frame “Design topic: urbancenter线性parkregeneration” as a spatial thesis topic. Connect it with site types and programs such as Design topic: 线性park客厅, Design topic: urbanactivity廊, then develop it toward a proposal brief.",线性公园|城市中心|步行|活动,線形公園|都心|歩行|活動|休憩,Design topic: 线性park|urbancenter|Design topic: 步行|activity,SITE-015|SITE-016,线性公园客厅|城市活动廊|步行休息网络,線形公園リビング|都市活動回廊|歩行休息ネットワーク,Design topic: 线性park客厅|Design topic: urbanactivity廊|Design topic: 步行休息网络,CASE-050|CASE-040|CASE-038|CASE-110,CASE-050::看线性公园和店铺活动如何形成城市公共轴。|CASE-040::看屋上公园如何在高密度区域重组公共空间。|CASE-038::看旧铁路用地如何转成可逛的小店街。,CASE-050::この事例は、課題に近い用途の複合、公共性、運営、滞在のつくり方を比較するための参考になる。|CASE-040::この事例は、課題に近い用途の複合、公共性、運営、滞在のつくり方を比較するための参考になる。|CASE-038::この事例は、課題に近い用途の複合、公共性、運営、滞在のつくり方を比較するための参考になる。|CASE-110::この事例は、課題に近い用途の複合、公共性、運営、滞在のつくり方を比較するための参考になる。,"CASE-050::This case helps compare mixed programs, publicness, and operational ideas related to the issue.|CASE-040::This case helps compare mixed programs, publicness, and operational ideas related to the issue.|CASE-038::This case helps compare mixed programs, publicness, and operational ideas related to the issue.",https://rhp.nagoya/|https://www.mlit.go.jp/,published,2026-07-05
ISSUE-049,地方美术馆与儿童学习,地域美術館と子どもの学習,localart museumandchildrenlearning,地方美术馆若只作为观光景点会使用单一，可加入儿童工坊、户外学习和居民活动成为日常学习资源。,地域美術館を、展示を見る場所だけでなく、子どもがつくる、学ぶ、遊ぶ、地域文化に触れる公共教育の場として捉え直す。,"Use art museum, childrenlearning, localculture, publiceducation to frame “localart museumandchildrenlearning” as a spatial thesis topic. Connect it with site types and programs such as childrenartworkshop, Design topic: local美术learning馆, then develop it toward a proposal brief.",美术馆|儿童学习|地方文化|公共教育,美術館|子ども学習|地域文化|公共教育|創作,art museum|childrenlearning|localculture|publiceducation,SITE-008,儿童艺术工坊|地方美术学习馆|户外创作广场,子どもアート工房|地域美術学習館|屋外創作広場,childrenartworkshop|Design topic: local美术learning馆|Design topic: 户外creative production广场,CASE-047|CASE-023|CASE-036|CASE-103,CASE-047::看艺术设施如何和地方街区互动。|CASE-023::看儿童阅读如何形成可探索空间。|CASE-036::看开放学习空间如何激发创作。,CASE-047::この事例は、課題に近い用途の複合、公共性、運営、滞在のつくり方を比較するための参考になる。|CASE-023::この事例は、課題に近い用途の複合、公共性、運営、滞在のつくり方を比較するための参考になる。|CASE-036::この事例は、課題に近い用途の複合、公共性、運営、滞在のつくり方を比較するための参考になる。|CASE-103::この事例は、課題に近い用途の複合、公共性、運営、滞在のつくり方を比較するための参考になる。,"CASE-047::This case helps compare mixed programs, publicness, and operational ideas related to the issue.|CASE-023::This case helps compare mixed programs, publicness, and operational ideas related to the issue.|CASE-036::This case helps compare mixed programs, publicness, and operational ideas related to the issue.",https://www.bunka.go.jp/|https://www.mext.go.jp/,published,2026-07-05
ISSUE-050,社区精神性与慢生活空间,コミュニティの精神性とスローライフ空間,Design topic: community精神性and慢生活space,城市周边和度假社区需要不只消费的公共精神空间，可结合展览、冥想、水景、阅读和共同活动。,地域のアート、庭、水辺、静かな滞在を組み合わせ、消費ではなくゆっくり過ごすための公共空間を考える課題。共同体の精神的な居場所を探る。,"Use Design topic: 慢生活, Design topic: 精神性, community, art to frame “Design topic: community精神性and慢生活space” as a spatial thesis topic. Connect it with site types and programs such as communityartcenter, Design topic: 冥想阅读馆, then develop it toward a proposal brief.",慢生活|精神性|社区|艺术,スローライフ|精神性|コミュニティ|アート|庭,Design topic: 慢生活|Design topic: 精神性|community|art,SITE-008|SITE-006,社区艺术中心|冥想阅读馆|水边共同体空间,コミュニティアートセンター|瞑想読書館|水辺共同体空間,communityartcenter|Design topic: 冥想阅读馆|Design topic: waterfront共同体space,CASE-045|CASE-046|CASE-058|CASE-102,CASE-045::看自然和艺术如何形成低刺激沉浸体验。|CASE-046::看自然光和地下空间如何制造安静感。,CASE-045::この事例は、課題に近い用途の複合、公共性、運営、滞在のつくり方を比較するための参考になる。|CASE-046::この事例は、課題に近い用途の複合、公共性、運営、滞在のつくり方を比較するための参考になる。|CASE-058::この事例は、課題に近い用途の複合、公共性、運営、滞在のつくり方を比較するための参考になる。|CASE-102::この事例は、課題に近い用途の複合、公共性、運営、滞在のつくり方を比較するための参考になる。,"CASE-045::This case helps compare mixed programs, publicness, and operational ideas related to the issue.|CASE-046::This case helps compare mixed programs, publicness, and operational ideas related to the issue.",https://neriandhu.com/en/works/the-void-aranya-art-center|https://benesse-artsite.jp/en/art/teshima-artmuseum.html,published,2026-07-05
ISSUE-051,郊区文化复合园区与青年目的地,郊外文化複合エリアと若者の目的地,Design topic: 郊区cultural complex园区andyouth目地,郊区大型文化园区可吸引青年和游客，但要避免只成为消费地，需要图书、活动、学习和日常停留功能。,郊外の文化複合施設を、若者が目的地として訪れ、展示、読書、制作、イベント、交流を行う場所として設計する課題。,"Use cultural complex, youthculture, Design topic: 郊区, activity to frame “Design topic: 郊区cultural complex园区andyouth目地” as a spatial thesis topic. Connect it with site types and programs such as Design topic: cultural complex馆, youthactivitycenter, then develop it toward a proposal brief.",文化复合|青年文化|郊区|活动,文化複合|若者文化|郊外|活動|出版,cultural complex|youthculture|Design topic: 郊区|activity,SITE-019|SITE-008,文化复合馆|青年活动中心|出版学习园区,文化複合館|若者活動センター|出版学習エリア,Design topic: cultural complex馆|youthactivitycenter|Design topic: 出版learning园区,CASE-051|CASE-021|CASE-035|CASE-108,CASE-051::看文化、出版和青年亚文化如何被组织成郊区目的地。|CASE-021::看文化复合体如何进入城市中心。|CASE-035::看共创平台如何承接学习、创业和活动。,CASE-051::この事例は、課題に近い用途の複合、公共性、運営、滞在のつくり方を比較するための参考になる。|CASE-021::この事例は、課題に近い用途の複合、公共性、運営、滞在のつくり方を比較するための参考になる。|CASE-035::この事例は、課題に近い用途の複合、公共性、運営、滞在のつくり方を比較するための参考になる。|CASE-108::この事例は、課題に近い用途の複合、公共性、運営、滞在のつくり方を比較するための参考になる。,"CASE-051::This case helps compare mixed programs, publicness, and operational ideas related to the issue.|CASE-021::This case helps compare mixed programs, publicness, and operational ideas related to the issue.|CASE-035::This case helps compare mixed programs, publicness, and operational ideas related to the issue.",https://www.bunka.go.jp/|https://kkaa.co.jp/en/project/tokorozawa-sakura-town-kadokawa-culture-museum/,published,2026-07-05
ISSUE-052,水边美术馆与城市慢行,水辺美術館と都市のスローウォーク,Design topic: waterfrontart museumandurban慢行,水边美术馆可以不只是展览盒子，还能连接步道、咖啡、港口记忆和城市散步，形成慢行公共空间。,水辺の美術館や文化施設を、展示だけでなく、港、運河、散歩、休憩と連動する都市のスローウォークとして捉える。,"Use waterfront, art museum, Design topic: 慢行, Design topic: 港口 to frame “Design topic: waterfrontart museumandurban慢行” as a spatial thesis topic. Connect it with site types and programs such as waterfrontart museum, Design topic: 运河culture廊, then develop it toward a proposal brief.",水边|美术馆|慢行|港口,水辺|美術館|歩行|港|運河,waterfront|art museum|Design topic: 慢行|Design topic: 港口,SITE-006,水边美术馆|运河文化廊|港口艺术步道,水辺美術館|運河文化回廊|港アート歩道,waterfrontart museum|Design topic: 运河culture廊|Design topic: 港口art步道,CASE-055|CASE-058|CASE-046|CASE-108,CASE-055::看运河如何连接两块美术馆场地和港口景观。|CASE-058::看水庭如何制造安静的观看体验。|CASE-046::看地下美术馆如何通过自然光连接景观感知。,CASE-055::この事例は、課題に近い用途の複合、公共性、運営、滞在のつくり方を比較するための参考になる。|CASE-058::この事例は、課題に近い用途の複合、公共性、運営、滞在のつくり方を比較するための参考になる。|CASE-046::この事例は、課題に近い用途の複合、公共性、運営、滞在のつくり方を比較するための参考になる。|CASE-108::この事例は、課題に近い用途の複合、公共性、運営、滞在のつくり方を比較するための参考になる。,"CASE-055::This case helps compare mixed programs, publicness, and operational ideas related to the issue.|CASE-058::This case helps compare mixed programs, publicness, and operational ideas related to the issue.|CASE-046::This case helps compare mixed programs, publicness, and operational ideas related to the issue.",https://www.mlit.go.jp/kankocho/|https://kkaa.co.jp/en/project/nagasaki-prefectural-art-museum/,published,2026-07-05
ISSUE-053,开放美术馆与市民广场,開かれた美術館と市民広場,Design topic: openart museumandcitizen广场,地方美术馆若过于封闭会变成少数人的设施，入口、广场和透明界面可把美术馆变成日常公共客厅。,美術館の接地面を街に開き、市民広場、通り抜け、カフェ、イベントを受け止める公共性を考える課題。建物と広場の境界を扱う。,"Use art museum, Design topic: citizen广场, publicness, Design topic: open界面 to frame “Design topic: openart museumandcitizen广场” as a spatial thesis topic. Connect it with site types and programs such as openart museum, Design topic: citizenart广场, then develop it toward a proposal brief.",美术馆|市民广场|公共性|开放界面,美術館|市民広場|公共性|開いた接地面|イベント,art museum|Design topic: citizen广场|publicness|Design topic: open界面,SITE-008|SITE-004,开放美术馆|市民艺术广场|文化客厅,開かれた美術館|市民アート広場|文化リビング,openart museum|Design topic: citizenart广场|Design topic: culture客厅,CASE-053|CASE-047|CASE-054|CASE-103|CASE-109,CASE-053::看开放立面如何让美术馆接近城市日常。|CASE-047::看分散盒子如何和街道形成艺术街区。|CASE-054::看历史美术馆如何通过入口和广场重新打开。,CASE-053::この事例は、課題に近い用途の複合、公共性、運営、滞在のつくり方を比較するための参考になる。|CASE-047::この事例は、課題に近い用途の複合、公共性、運営、滞在のつくり方を比較するための参考になる。|CASE-054::この事例は、課題に近い用途の複合、公共性、運営、滞在のつくり方を比較するための参考になる。|CASE-103::この事例は、課題に近い用途の複合、公共性、運営、滞在のつくり方を比較するための参考になる。|CASE-109::この事例は、課題に近い用途の複合、公共性、運営、滞在のつくり方を比較するための参考になる。,"CASE-053::This case helps compare mixed programs, publicness, and operational ideas related to the issue.|CASE-047::This case helps compare mixed programs, publicness, and operational ideas related to the issue.|CASE-054::This case helps compare mixed programs, publicness, and operational ideas related to the issue.",https://www.bunka.go.jp/|https://shigerubanarchitects.com/works/oita-prefectural-art-museum/,published,2026-07-05
ISSUE-054,旧购物中心退场与公共水景,旧ショッピングセンターの退場と公共水景,Design topic: 旧购物center退场andpublicwater landscape,旧购物中心退场后常留下大体量空洞，拆除或改造可转化为水景、公园、市集和城市记忆空间。,役割を終えた商業施設や大きな建物の跡地を、水景、公園、市場、休憩の公共空間へ変える課題。撤退後の都市中心部を再編集する。,"Use Design topic: 旧商业体, urbanrenewal, water landscape, park to frame “Design topic: 旧购物center退场andpublicwater landscape” as a spatial thesis topic. Connect it with site types and programs such as urbanwater landscapepark, Design topic: 旧商场regeneration客厅, then develop it toward a proposal brief.",旧商业体|城市更新|水景|公园,旧商業施設|都市更新|水景|公園|市場,Design topic: 旧商业体|urbanrenewal|water landscape|park,SITE-002|SITE-020,城市水景公园|旧商场再生客厅|公共市集,都市水景公園|旧商業施設再生リビング|公共市場,urbanwater landscapepark|Design topic: 旧商场regeneration客厅|Design topic: public市集,CASE-056|CASE-050|CASE-040|CASE-108|CASE-110,CASE-056::看旧购物中心如何转化为水景公园。|CASE-050::看线性公园和商业活动如何重塑城市中心。|CASE-040::看商业和屋上公园如何叠合公共性。,CASE-056::この事例は、課題に近い用途の複合、公共性、運営、滞在のつくり方を比較するための参考になる。|CASE-050::この事例は、課題に近い用途の複合、公共性、運営、滞在のつくり方を比較するための参考になる。|CASE-040::この事例は、課題に近い用途の複合、公共性、運営、滞在のつくり方を比較するための参考になる。|CASE-108::この事例は、課題に近い公共性、運営、滞在、プログラム複合を比較するための参考になる。|CASE-110::この事例は、課題に近い公共性、運営、滞在、プログラム複合を比較するための参考になる。,"CASE-056::This case helps compare mixed programs, publicness, and operational ideas related to the issue.|CASE-050::This case helps compare mixed programs, publicness, and operational ideas related to the issue.|CASE-040::This case helps compare mixed programs, publicness, and operational ideas related to the issue.",https://www.mlit.go.jp/|https://www.mvrdv.com/projects/272/tainan-spring,published,2026-07-05
ISSUE-055,共享住宅与青年居住孤独,シェアハウスと若者の居住孤独,Design topic: shared housingandyouth居住loneliness,青年独居和高房租压力下，共享住宅可通过厨房、学习、工作和小型公共客厅创造非家庭式支持网络。,若者の孤独や住まいの不安に対して、共同キッチン、作業室、小さな共有リビングを持つ住まいを考える課題。生活と交流の距離を設計する。,"Use shared housing, youth, loneliness, Design topic: 共居 to frame “Design topic: shared housingandyouth居住loneliness” as a spatial thesis topic. Connect it with site types and programs such as shared housing, Design topic: 共居kitchen, then develop it toward a proposal brief.",共享住宅|青年|孤独|共居,シェアハウス|若者|孤独|共同居住|キッチン,shared housing|youth|loneliness|Design topic: 共居,SITE-003|SITE-019,共享住宅|共居厨房|青年生活客厅,シェアハウス|共同居住キッチン|若者生活リビング,shared housing|Design topic: 共居kitchen|Design topic: youth生活客厅,CASE-012|CASE-035|CASE-074|CASE-104,CASE-012::看团地再生如何重组底层服务和公共生活。|CASE-035::看共创办公如何连接居住之外的学习和工作。,CASE-012::この事例は、課題に近い用途の複合、公共性、運営、滞在のつくり方を比較するための参考になる。|CASE-035::この事例は、課題に近い用途の複合、公共性、運営、滞在のつくり方を比較するための参考になる。|CASE-074::この事例は、課題に近い用途の複合、公共性、運営、滞在のつくり方を比較するための参考になる。|CASE-104::この事例は、課題に近い用途の複合、公共性、運営、滞在のつくり方を比較するための参考になる。,"CASE-012::This case helps compare mixed programs, publicness, and operational ideas related to the issue.|CASE-035::This case helps compare mixed programs, publicness, and operational ideas related to the issue.",https://www.mhlw.go.jp/|https://www.mlit.go.jp/,published,2026-07-05
ISSUE-056,历史美术馆更新与入口再设计,歴史的美術館の更新と入口再設計,Design topic: historyart museumrenewalandentry再设计,老美术馆常有历史价值但入口封闭、无障碍不足，更新可通过下沉入口、广场和咖啡重新接入城市。,歴史的な美術館や文化施設を、保存するだけでなく、入口、広場、バリアフリー、展示動線を更新して現代の公共施設にする課題。,"Use Design topic: history建筑, art museumrenewal, entry, Design topic: 无障碍 to frame “Design topic: historyart museumrenewalandentry再设计” as a spatial thesis topic. Connect it with site types and programs such as historyart museumrenewal, Design topic: cultureentry广场, then develop it toward a proposal brief.",历史建筑|美术馆更新|入口|无障碍,歴史的建築|美術館更新|入口|バリアフリー|文化記憶,Design topic: history建筑|art museumrenewal|entry|Design topic: 无障碍,SITE-008|SITE-006,历史美术馆更新|文化入口广场|无障碍展览馆,歴史的美術館更新|文化入口広場|バリアフリー展示館,historyart museumrenewal|Design topic: cultureentry广场|Design topic: 无障碍exhibition馆,CASE-054|CASE-051|CASE-060|CASE-109,CASE-054::看历史公共美术馆如何通过入口和地下动线更新。|CASE-051::看文化复合体如何用强烈形象吸引新观众。|CASE-060::看传统收藏如何连接庭园和观光街区。,CASE-054::この事例は、課題に近い用途の複合、公共性、運営、滞在のつくり方を比較するための参考になる。|CASE-051::この事例は、課題に近い用途の複合、公共性、運営、滞在のつくり方を比較するための参考になる。|CASE-060::この事例は、課題に近い用途の複合、公共性、運営、滞在のつくり方を比較するための参考になる。|CASE-109::この事例は、課題に近い用途の複合、公共性、運営、滞在のつくり方を比較するための参考になる。,"CASE-054::This case helps compare mixed programs, publicness, and operational ideas related to the issue.|CASE-051::This case helps compare mixed programs, publicness, and operational ideas related to the issue.|CASE-060::This case helps compare mixed programs, publicness, and operational ideas related to the issue.",https://kyotocity-kyocera.museum/en/architecture|https://www.bunka.go.jp/,published,2026-07-05
ISSUE-057,地方文化厅与表演活动延续,地域文化ホールと表現活動の継続,Design topic: localculture厅and表演activity延续,地方演出设施常只在活动日被使用，可加入排练、学习、咖啡和开放大厅，让文化厅成为平日也可用的节点。,地域文化ホールを、鑑賞だけでなく、稽古、発表、日常利用、市民活動が続く場として考える課題。表現活動の前後の居場所も扱う。,"Use Design topic: culture厅, Design topic: 演出, citizenactivity, localculture to frame “Design topic: localculture厅and表演activity延续” as a spatial thesis topic. Connect it with site types and programs such as Design topic: localculture厅, Design topic: 排练exchange馆, then develop it toward a proposal brief.",文化厅|演出|市民活动|地方文化,文化ホール|上演|市民活動|地域文化|稽古,Design topic: culture厅|Design topic: 演出|citizenactivity|localculture,SITE-008|SITE-006,地方文化厅|排练交流馆|开放大厅,地域文化ホール|稽古交流館|開放ロビー,Design topic: localculture厅|Design topic: 排练exchange馆|Design topic: open大厅,CASE-027|CASE-029|CASE-107|CASE-108,CASE-027::看地方公共设施如何承载多代停留。|CASE-029::看图书馆和市民活动如何成为非商业公共空间。,CASE-027::この事例は、課題に近い用途の複合、公共性、運営、滞在のつくり方を比較するための参考になる。|CASE-029::この事例は、課題に近い用途の複合、公共性、運営、滞在のつくり方を比較するための参考になる。|CASE-107::この事例は、課題に近い用途の複合、公共性、運営、滞在のつくり方を比較するための参考になる。|CASE-108::この事例は、課題に近い用途の複合、公共性、運営、滞在のつくり方を比較するための参考になる。,"CASE-027::This case helps compare mixed programs, publicness, and operational ideas related to the issue.|CASE-029::This case helps compare mixed programs, publicness, and operational ideas related to the issue.",https://www.bunka.go.jp/|https://iwan.com/portfolio/tsuruoka-cultural-center-sanaa/,published,2026-07-05
ISSUE-058,私人收藏与公共教育转化,個人コレクションと公共教育への転換,Design topic: 私人收藏andpubliceducation转化,私人收藏型美术馆若只服务观赏，可通过教育工坊、档案和水庭休息，把收藏转化为公共学习资源。,個人コレクションや専門的な資料を、公共教育、展示、アーカイブ、庭の体験へ開く課題。収蔵と学習の距離を建築で調整する。,"Use Design topic: 私人收藏, publiceducation, art museum, Design topic: 档案 to frame “Design topic: 私人收藏andpubliceducation转化” as a spatial thesis topic. Connect it with site types and programs such as Design topic: 收藏education馆, Design topic: art档案室, then develop it toward a proposal brief.",私人收藏|公共教育|美术馆|档案,個人コレクション|公共教育|美術館|アーカイブ|庭,Design topic: 私人收藏|publiceducation|art museum|Design topic: 档案,SITE-008|SITE-016,收藏教育馆|艺术档案室|水庭学习空间,収蔵教育館|アートアーカイブ室|水庭学習空間,Design topic: 收藏education馆|Design topic: art档案室|Design topic: 水庭learningspace,CASE-052|CASE-058|CASE-060|CASE-103,CASE-052::看私人收藏如何通过连续画廊形成沉浸学习。|CASE-058::看水庭和茶室如何让收藏空间变成安静公共体验。|CASE-060::看传统收藏如何连接观光和文化学习。,CASE-052::この事例は、課題に近い用途の複合、公共性、運営、滞在のつくり方を比較するための参考になる。|CASE-058::この事例は、課題に近い用途の複合、公共性、運営、滞在のつくり方を比較するための参考になる。|CASE-060::この事例は、課題に近い用途の複合、公共性、運営、滞在のつくり方を比較するための参考になる。|CASE-103::この事例は、課題に近い用途の複合、公共性、運営、滞在のつくり方を比較するための参考になる。,"CASE-052::This case helps compare mixed programs, publicness, and operational ideas related to the issue.|CASE-058::This case helps compare mixed programs, publicness, and operational ideas related to the issue.|CASE-060::This case helps compare mixed programs, publicness, and operational ideas related to the issue.",https://www.nikken.co.jp/en/projects/cultural/hoki_museum.html|https://www.sagawa-artmuseum.or.jp/en/,published,2026-07-05
ISSUE-059,水上艺术与地域景观体验,水上アートと地域景観体験,Design topic: 水上artand地域景观体验,湖岸、运河和港湾的艺术设施可把景观、步行、停留和地方记忆组织起来，成为非商业的慢体验路径。,水上や湖岸のアート施設を、作品鑑賞だけでなく、地域景観、歩行、滞在、季節の変化を体験する場所として考える課題。,"Use Design topic: 水上art, Design topic: 地域景观, Design topic: 慢行, art museum to frame “Design topic: 水上artand地域景观体验” as a spatial thesis topic. Connect it with site types and programs such as Design topic: 水上art馆, Design topic: 景观步行廊, then develop it toward a proposal brief.",水上艺术|地域景观|慢行|美术馆,水上アート|地域景観|歩行|美術館|湖岸,Design topic: 水上art|Design topic: 地域景观|Design topic: 慢行|art museum,SITE-006|SITE-018,水上艺术馆|景观步行廊|湖岸文化节点,水上アート館|景観歩行回廊|湖岸文化ノード,Design topic: 水上art馆|Design topic: 景观步行廊|Design topic: 湖岸culture节点,CASE-045|CASE-055|CASE-058|CASE-108,CASE-045::看岛屿艺术设施如何与自然感知结合。|CASE-055::看运河美术馆如何整合水边和艺术。|CASE-058::看水庭如何形成漂浮感和安静体验。,CASE-045::この事例は、課題に近い用途の複合、公共性、運営、滞在のつくり方を比較するための参考になる。|CASE-055::この事例は、課題に近い用途の複合、公共性、運営、滞在のつくり方を比較するための参考になる。|CASE-058::この事例は、課題に近い用途の複合、公共性、運営、滞在のつくり方を比較するための参考になる。|CASE-108::この事例は、課題に近い用途の複合、公共性、運営、滞在のつくり方を比較するための参考になる。,"CASE-045::This case helps compare mixed programs, publicness, and operational ideas related to the issue.|CASE-055::This case helps compare mixed programs, publicness, and operational ideas related to the issue.|CASE-058::This case helps compare mixed programs, publicness, and operational ideas related to the issue.",https://benesse-artsite.jp/en/art/teshima-artmuseum.html|https://www.sagawa-artmuseum.or.jp/en/,published,2026-07-05
ISSUE-060,文化园区与青年亚文化入口,文化エリアと若者サブカルチャーの入口,Design topic: culture园区andyouth亚cultureentry,动漫、出版、展览和活动园区能吸引青年，但建筑需要提供免费停留、学习和创作入口，避免只有消费。,出版、展示、制作、店舗、イベントを組み合わせ、若者が文化に触れる入口となる街区を考える課題。サブカルチャーを公共空間に接続する。,"Use youthculture, Design topic: 出版, exhibition, creative production to frame “Design topic: culture园区andyouth亚cultureentry” as a spatial thesis topic. Connect it with site types and programs such as youthcultureentry, Design topic: creative productionlearning馆, then develop it toward a proposal brief.",青年文化|出版|展览|创作,若者文化|出版|展示|創作|街区,youthculture|Design topic: 出版|exhibition|creative production,SITE-019,青年文化入口|创作学习馆|展览活动街区,若者文化入口|創作学習館|展示活動街区,youthcultureentry|Design topic: creative productionlearning馆|exhibitionactivityneighborhood,CASE-051|CASE-040|CASE-034|CASE-108,CASE-051::看出版和亚文化如何聚合成大型文化目的地。|CASE-040::看商业复合体如何叠加公共运动和公园。|CASE-034::看开放工坊如何支持自由制作和偶发交流。,CASE-051::この事例は、課題に近い用途の複合、公共性、運営、滞在のつくり方を比較するための参考になる。|CASE-040::この事例は、課題に近い用途の複合、公共性、運営、滞在のつくり方を比較するための参考になる。|CASE-034::この事例は、課題に近い用途の複合、公共性、運営、滞在のつくり方を比較するための参考になる。|CASE-108::この事例は、課題に近い用途の複合、公共性、運営、滞在のつくり方を比較するための参考になる。,"CASE-051::This case helps compare mixed programs, publicness, and operational ideas related to the issue.|CASE-040::This case helps compare mixed programs, publicness, and operational ideas related to the issue.|CASE-034::This case helps compare mixed programs, publicness, and operational ideas related to the issue.",https://kkaa.co.jp/en/project/tokorozawa-sakura-town-kadokawa-culture-museum/|https://www.meti.go.jp/,published,2026-07-05
ISSUE-061,大型赛事遗产的日常化,大型イベント遺産の日常化,Design topic: 大型赛事heritage日常化,奥运和大型赛事设施在赛后容易脱离日常，建筑可把边缘、公园、运动和社区服务重组为平日可用的公共空间。,イベント遺産・スポーツ公園・日常化・開放空間を手がかりに「大型イベント遺産の日常化」を空間課題として捉える。イベント遺産リビング、スポーツ公園サービス拠点などの用途と敷地タイプを結び、卒業設計の企画書へ進めるための入口にする。,"Use Design topic: 赛事heritage, Design topic: 体育park, Design topic: 日常化, openspace to frame “Design topic: 大型赛事heritage日常化” as a spatial thesis topic. Connect it with site types and programs such as Design topic: 赛事heritage客厅, Design topic: 体育parkservice站, then develop it toward a proposal brief.",赛事遗产|体育公园|日常化|开放空间,イベント遺産|スポーツ公園|日常化|開放空間,Design topic: 赛事heritage|Design topic: 体育park|Design topic: 日常化|openspace,SITE-016|SITE-015,赛事遗产客厅|体育公园服务站|开放运动廊,イベント遺産リビング|スポーツ公園サービス拠点|開放運動廊,Design topic: 赛事heritage客厅|Design topic: 体育parkservice站|Design topic: open运动廊,CASE-061|CASE-040|CASE-068|CASE-117,CASE-061::看国家体育场如何通过木质檐口和公园边界降低大型设施距离感。|CASE-040::看商业和屋上公园如何叠加运动与停留。|CASE-068::看线状公园如何承接青年运动和城市缝隙更新。,CASE-061::この事例は、課題に近い公共性、運営、滞在、プログラム複合を比較するための参考になる。|CASE-040::この事例は、課題に近い公共性、運営、滞在、プログラム複合を比較するための参考になる。|CASE-068::この事例は、課題に近い公共性、運営、滞在、プログラム複合を比較するための参考になる。|CASE-117::この事例は、課題に近い公共性、運営、滞在、プログラム複合を比較するための参考になる。,"CASE-061::This case helps compare mixed programs, publicness, and operational ideas related to the issue.|CASE-040::This case helps compare mixed programs, publicness, and operational ideas related to the issue.|CASE-068::This case helps compare mixed programs, publicness, and operational ideas related to the issue.",https://kkaa.co.jp/en/project/japan-national-stadium/|https://www.mext.go.jp/,published,2026-07-05
ISSUE-062,灾后临时住宅与长期恢复,災後仮設住宅と長期回復,Design topic: post-disaster临时住宅and长期恢复,灾害后的临时居住不只解决屋顶，还关系邻里、尊严和长期恢复；建筑可记录恢复过程并转化为防灾学习空间。,災後復興・仮設住宅・近隣支援・防災を手がかりに「災後仮設住宅と長期回復」を空間課題として捉える。災後生活アーカイブ館、近隣回復センターなどの用途と敷地タイプを結び、卒業設計の企画書へ進めるための入口にする。,"Use Design topic: post-disaster复兴, Design topic: 临时住宅, Design topic: 邻里支持, disaster prevention to frame “Design topic: post-disaster临时住宅and长期恢复” as a spatial thesis topic. Connect it with site types and programs such as Design topic: post-disaster生活档案馆, Design topic: 邻里恢复center, then develop it toward a proposal brief.",灾后复兴|临时住宅|邻里支持|防灾,災後復興|仮設住宅|近隣支援|防災,Design topic: post-disaster复兴|Design topic: 临时住宅|Design topic: 邻里支持|disaster prevention,SITE-010|SITE-013,灾后生活档案馆|邻里恢复中心|防灾学习住宅,災後生活アーカイブ館|近隣回復センター|防災学習住宅,Design topic: post-disaster生活档案馆|Design topic: 邻里恢复center|Design topic: disaster preventionlearning住宅,CASE-015|CASE-081|CASE-096|CASE-100|CASE-056,,CASE-015::この事例は、課題に近い公共性、運営、滞在、プログラム複合を比較するための参考になる。|CASE-081::この事例は、課題に近い公共性、運営、滞在、プログラム複合を比較するための参考になる。|CASE-096::この事例は、課題に近い公共性、運営、滞在、プログラム複合を比較するための参考になる。|CASE-100::この事例は、課題に近い公共性、運営、滞在、プログラム複合を比較するための参考になる。|CASE-056::この事例は、課題に近い公共性、運営、滞在、プログラム複合を比較するための参考になる。,,https://shigerubanarchitects.com/works/hh/container-house/|https://www.bousai.go.jp/,published,2026-07-05
ISSUE-063,道之驿向地方服务中心升级,道の駅から地域サービスセンターへ,Design topic: roadside station向localservicecenter升级,道之驿不应只是停车和购物，可加入共创办公、社区会议、食育和灾时支援，成为地方入口型公共设施。,道の駅・地域サービス・共創オフィス・地域食を手がかりに「道の駅から地域サービスセンターへ」を空間課題として捉える。地域サービス道の駅、道路共創センターなどの用途と敷地タイプを結び、卒業設計の企画書へ進めるための入口にする。,"Use roadside station, localservice, Design topic: 共创办公, local food to frame “Design topic: roadside station向localservicecenter升级” as a spatial thesis topic. Connect it with site types and programs such as localserviceroadside station, Design topic: 道路共创center, then develop it toward a proposal brief.",道之驿|地方服务|共创办公|地域食,道の駅|地域サービス|共創オフィス|地域食,roadside station|localservice|Design topic: 共创办公|local food,SITE-012|SITE-004,地方服务道之驿|道路共创中心|食育防灾站,地域サービス道の駅|道路共創センター|食育防災拠点,localserviceroadside station|Design topic: 道路共创center|Design topic: food educationdisaster prevention站,CASE-063|CASE-043|CASE-033|CASE-101,CASE-063::看新道之驿如何加入共创办公和社区会议功能。|CASE-043::看地方木材和土如何构成道之驿的大屋顶。|CASE-033::看温泉街服务站如何复合足汤、店铺和生态水景。,CASE-063::この事例は、課題に近い公共性、運営、滞在、プログラム複合を比較するための参考になる。|CASE-043::この事例は、課題に近い公共性、運営、滞在、プログラム複合を比較するための参考になる。|CASE-033::この事例は、課題に近い公共性、運営、滞在、プログラム複合を比較するための参考になる。|CASE-101::この事例は、課題に近い公共性、運営、滞在、プログラム複合を比較するための参考になる。,"CASE-063::This case helps compare mixed programs, publicness, and operational ideas related to the issue.|CASE-043::This case helps compare mixed programs, publicness, and operational ideas related to the issue.|CASE-033::This case helps compare mixed programs, publicness, and operational ideas related to the issue.",https://kkaa.co.jp/en/project/roadside-station-aino-tsuchiyama/|https://www.mlit.go.jp/,published,2026-07-05
ISSUE-064,山村公共设施与地方身份延续,山村公共施設と地域アイデンティティの継続,Design topic: 山村publicfacilityandlocal身份延续,人口减少地区的公共设施需要比功能更进一步，回应地形、材料和集落记忆，成为居民愿意继续使用的地方象征。,山村・地域アイデンティティ・公共活動・伝統景観を手がかりに「山村公共施設と地域アイデンティティの継続」を空間課題として捉える。山村コミュニティ館、地域材料活動拠点などの用途と敷地タイプを結び、卒業設計の企画書へ進めるための入口にする。,"Use Design topic: 山村, Design topic: local身份, public activities, Design topic: 传统景观 to frame “Design topic: 山村publicfacilityandlocal身份延续” as a spatial thesis topic. Connect it with site types and programs such as Design topic: 山村community馆, Design topic: local材料activity站, then develop it toward a proposal brief.",山村|地方身份|公共活动|传统景观,山村|地域アイデンティティ|公共活動|伝統景観,Design topic: 山村|Design topic: local身份|public activities|Design topic: 传统景观,SITE-012|SITE-008,山村社区馆|地方材料活动站|集落记忆客厅,山村コミュニティ館|地域材料活動拠点|集落記憶リビング,Design topic: 山村community馆|Design topic: local材料activity站|Design topic: 集落记忆客厅,CASE-027|CASE-043|CASE-124|CASE-125,CASE-027::看地方图书馆和福祉设施如何承载多代停留。|CASE-043::看道之驿如何以地方材料塑造入口形象。,CASE-027::この事例は、課題に近い公共性、運営、滞在、プログラム複合を比較するための参考になる。|CASE-043::この事例は、課題に近い公共性、運営、滞在、プログラム複合を比較するための参考になる。|CASE-124::この事例は、課題に近い公共性、運営、滞在、プログラム複合を比較するための参考になる。|CASE-125::この事例は、課題に近い公共性、運営、滞在、プログラム複合を比較するための参考になる。,"CASE-027::This case helps compare mixed programs, publicness, and operational ideas related to the issue.|CASE-043::This case helps compare mixed programs, publicness, and operational ideas related to the issue.",https://kkaa.co.jp/en/project/takayanagi-community-center/|https://www.soumu.go.jp/,published,2026-07-05
ISSUE-065,育儿支援从机构到街角,子育て支援を施設から街角へ,Design topic: childcaresupportfrom机构to街角,育儿支援若藏在机构内部，家长难以自然进入；街角型设施可把咨询、游戏、工坊和等待变成日常可见的支持。,子育て・親子・街角・相談を手がかりに「子育て支援を施設から街角へ」を空間課題として捉える。親子街角拠点、子育て相談リビングなどの用途と敷地タイプを結び、卒業設計の企画書へ進めるための入口にする。,"Use childcare, Design topic: 亲子, Design topic: 街角, consultation to frame “Design topic: childcaresupportfrom机构to街角” as a spatial thesis topic. Connect it with site types and programs such as Design topic: 亲子街角站, Design topic: childcareconsultation客厅, then develop it toward a proposal brief.",育儿|亲子|街角|咨询,子育て|親子|街角|相談,childcare|Design topic: 亲子|Design topic: 街角|consultation,SITE-011|SITE-007,亲子街角站|育儿咨询客厅|儿童工坊,親子街角拠点|子育て相談リビング|子ども工房,Design topic: 亲子街角站|Design topic: childcareconsultation客厅|childrenworkshop,CASE-023|CASE-076|CASE-103|CASE-112,,CASE-023::この事例は、課題に近い公共性、運営、滞在、プログラム複合を比較するための参考になる。|CASE-076::この事例は、課題に近い公共性、運営、滞在、プログラム複合を比較するための参考になる。|CASE-103::この事例は、課題に近い公共性、運営、滞在、プログラム複合を比較するための参考になる。|CASE-112::この事例は、課題に近い公共性、運営、滞在、プログラム複合を比較するための参考になる。,,https://e-ensha.com/en-au-childcare-support/|https://www.mhlw.go.jp/,published,2026-07-05
ISSUE-066,儿童发展支援与共生街道,子ども発達支援と共生する街路,Design topic: children发展supportandinclusive living街道,儿童发展支援设施需要专业性，也需要减少被隔离感；面向街道的开放空间可让照护、咖啡和交流自然并置。,子ども発達・共生・街路との接点・ケアを手がかりに「子ども発達支援と共生する街路」を空間課題として捉える。子ども発達支援拠点、共生カフェ相談所などの用途と敷地タイプを結び、卒業設計の企画書へ進めるための入口にする。,"Use Design topic: children发展, inclusive living, Design topic: 街道界面, care to frame “Design topic: children发展supportandinclusive living街道” as a spatial thesis topic. Connect it with site types and programs such as Design topic: children发展support站, Design topic: inclusive livingcafeconsultation所, then develop it toward a proposal brief.",儿童发展|共生|街道界面|照护,子ども発達|共生|街路との接点|ケア,Design topic: children发展|inclusive living|Design topic: 街道界面|care,SITE-011|SITE-002,儿童发展支援站|共生咖啡咨询所|街道照护节点,子ども発達支援拠点|共生カフェ相談所|街路ケアノード,Design topic: children发展support站|Design topic: inclusive livingcafeconsultation所|Design topic: 街道care节点,CASE-023|CASE-076|CASE-104|CASE-115,,CASE-023::この事例は、課題に近い公共性、運営、滞在、プログラム複合を比較するための参考になる。|CASE-076::この事例は、課題に近い公共性、運営、滞在、プログラム複合を比較するための参考になる。|CASE-104::この事例は、課題に近い公共性、運営、滞在、プログラム複合を比較するための参考になる。|CASE-115::この事例は、課題に近い公共性、運営、滞在、プログラム複合を比較するための参考になる。,,https://www.archdaily.com/1002719/irh-child-development-support-hibinosekkei-plus-youji-no-shiro|https://www.mhlw.go.jp/,published,2026-07-05
ISSUE-067,高密度社区中心的开放界面,高密度コミュニティセンターの開かれた界面,Design topic: 高密度communitycenteropen界面,高密度街区缺少可停留的公共室内，社区中心可通过开口、采光、多层共享空间和活动接口缓解街区压迫感。,高密度・コミュニティセンター・開いた接地面・公共サービスを手がかりに「高密度コミュニティセンターの開かれた界面」を空間課題として捉える。高密度コミュニティリビング、開放公共サービス拠点などの用途と敷地タイプを結び、卒業設計の企画書へ進めるための入口にする。,"Use Design topic: 高密度, communitycenter, Design topic: open界面, public service to frame “Design topic: 高密度communitycenteropen界面” as a spatial thesis topic. Connect it with site types and programs such as Design topic: 高密度community客厅, Design topic: openpublic service站, then develop it toward a proposal brief.",高密度|社区中心|开放界面|公共服务,高密度|コミュニティセンター|開いた接地面|公共サービス,Design topic: 高密度|communitycenter|Design topic: open界面|public service,SITE-015|SITE-019,高密度社区客厅|开放公共服务站|多层邻里中心,高密度コミュニティリビング|開放公共サービス拠点|多層近隣センター,Design topic: 高密度community客厅|Design topic: openpublic service站|Design topic: 多层邻里center,CASE-035|CASE-029|CASE-101|CASE-105,CASE-035::看共创办公如何连接创业、学习和活动。|CASE-029::看图书馆和市民活动如何形成非商业停留场所。,CASE-035::この事例は、課題に近い公共性、運営、滞在、プログラム複合を比較するための参考になる。|CASE-029::この事例は、課題に近い公共性、運営、滞在、プログラム複合を比較するための参考になる。|CASE-101::この事例は、課題に近い公共性、運営、滞在、プログラム複合を比較するための参考になる。|CASE-105::この事例は、課題に近い公共性、運営、滞在、プログラム複合を比較するための参考になる。,"CASE-035::This case helps compare mixed programs, publicness, and operational ideas related to the issue.|CASE-029::This case helps compare mixed programs, publicness, and operational ideas related to the issue.",https://archidiaries.com/projects/scc-sendagaya-community-center-kengo-kuma-and-associates/|https://www.mlit.go.jp/,published,2026-07-05
ISSUE-068,高架公园与青年运动空间,高架公園と若者の運動空間,Design topic: 高架parkandyouth运动space,高架、桥下和公园边界常被管理逻辑切碎，但也适合承接青年运动、夜间安全和临时活动的小尺度公共设施。,高架下・若者運動・夜間安全・公園を手がかりに「高架公園と若者の運動空間」を空間課題として捉える。高架運動リビング、夜間安全サービス亭などの用途と敷地タイプを結び、卒業設計の企画書へ進めるための入口にする。,"Use Design topic: 高架下, Design topic: youth运动, nightsafety, park to frame “Design topic: 高架parkandyouth运动space” as a spatial thesis topic. Connect it with site types and programs such as Design topic: 高架运动客厅, Design topic: nightsafetyservice亭, then develop it toward a proposal brief.",高架下|青年运动|夜间安全|公园,高架下|若者運動|夜間安全|公園,Design topic: 高架下|Design topic: youth运动|nightsafety|park,SITE-015,高架运动客厅|夜间安全服务亭|青年活动廊,高架運動リビング|夜間安全サービス亭|若者活動廊,Design topic: 高架运动客厅|Design topic: nightsafetyservice亭|Design topic: youthactivity廊,CASE-068|CASE-040|CASE-050|CASE-111,CASE-068::看线状公园如何把运动设施放进城市缝隙。|CASE-040::看屋上公园如何在商业复合体中提供运动和停留。|CASE-050::看线性公园如何整合店铺和活动场。,CASE-068::この事例は、課題に近い公共性、運営、滞在、プログラム複合を比較するための参考になる。|CASE-040::この事例は、課題に近い公共性、運営、滞在、プログラム複合を比較するための参考になる。|CASE-050::この事例は、課題に近い公共性、運営、滞在、プログラム複合を比較するための参考になる。|CASE-111::この事例は、課題に近い公共性、運営、滞在、プログラム複合を比較するための参考になる。,"CASE-068::This case helps compare mixed programs, publicness, and operational ideas related to the issue.|CASE-040::This case helps compare mixed programs, publicness, and operational ideas related to the issue.|CASE-050::This case helps compare mixed programs, publicness, and operational ideas related to the issue.",https://www.bow-wow.jp/profile/2011/MiyashitaPark/index.html|https://www.mlit.go.jp/,published,2026-07-05
ISSUE-069,历史导览与地方工艺学习,歴史ガイドと地域工芸学習,Design topic: historyguideandlocal工艺learning,历史遗产若只作为观光说明板会变得单薄，建筑可加入导览、工艺体验、居民课堂和坡地动线组织。,歴史ガイド・工芸学習・地域文化・坂道を手がかりに「歴史ガイドと地域工芸学習」を空間課題として捉える。歴史工芸学習館、坂道ガイドセンターなどの用途と敷地タイプを結び、卒業設計の企画書へ進めるための入口にする。,"Use historyguide, Design topic: 工艺learning, localculture, Design topic: 坡地 to frame “Design topic: historyguideandlocal工艺learning” as a spatial thesis topic. Connect it with site types and programs such as Design topic: history工艺learning馆, Design topic: 坡地guidecenter, then develop it toward a proposal brief.",历史导览|工艺学习|地方文化|坡地,歴史ガイド|工芸学習|地域文化|坂道,historyguide|Design topic: 工艺learning|localculture|Design topic: 坡地,SITE-008|SITE-012,历史工艺学习馆|坡地导览中心|地方文化工坊,歴史工芸学習館|坂道ガイドセンター|地域文化工房,Design topic: history工艺learning馆|Design topic: 坡地guidecenter|localcultureworkshop,CASE-027|CASE-071|CASE-109|CASE-125,CASE-027::看地方图书馆如何承接多代交流和木材表达。,CASE-027::この事例は、課題に近い公共性、運営、滞在、プログラム複合を比較するための参考になる。|CASE-071::この事例は、課題に近い公共性、運営、滞在、プログラム複合を比較するための参考になる。|CASE-109::この事例は、課題に近い公共性、運営、滞在、プログラム複合を比較するための参考になる。|CASE-125::この事例は、課題に近い公共性、運営、滞在、プログラム複合を比較するための参考になる。,"CASE-027::This case helps compare mixed programs, publicness, and operational ideas related to the issue.",https://www.archdaily.com/199706/kanayama-community-center-kengo-kuma-associates|https://www.bunka.go.jp/,published,2026-07-05
ISSUE-070,地方图书馆作为全天候客厅,地域図書館を全天候リビングへ,Design topic: locallibrary作为全天候客厅,地方图书馆可不只是借书设施，而是雨天、放学后和老年人日常停留的全天候公共客厅。,図書館・全天候・市民活動・学習を手がかりに「地域図書館を全天候リビングへ」を空間課題として捉える。全天候図書リビング、地域学習ロビーなどの用途と敷地タイプを結び、卒業設計の企画書へ進めるための入口にする。,"Use library, Design topic: 全天候, citizenactivity, learning to frame “Design topic: locallibrary作为全天候客厅” as a spatial thesis topic. Connect it with site types and programs such as Design topic: 全天候图书客厅, Design topic: locallearning大厅, then develop it toward a proposal brief.",图书馆|全天候|市民活动|学习,図書館|全天候|市民活動|学習,library|Design topic: 全天候|citizenactivity|learning,SITE-008|SITE-016,全天候图书客厅|地方学习大厅|市民停留馆,全天候図書リビング|地域学習ロビー|市民滞在館,Design topic: 全天候图书客厅|Design topic: locallearning大厅|Design topic: citizen停留馆,CASE-070|CASE-042|CASE-029|CASE-105,CASE-070::看地方图书馆如何用大木屋顶组织阅读和市民活动。|CASE-042::看车站前图书馆如何像城市森林一样组织学习。|CASE-029::看图书馆、市民活动和青少年空间如何复合。,CASE-070::この事例は、課題に近い公共性、運営、滞在、プログラム複合を比較するための参考になる。|CASE-042::この事例は、課題に近い公共性、運営、滞在、プログラム複合を比較するための参考になる。|CASE-029::この事例は、課題に近い公共性、運営、滞在、プログラム複合を比較するための参考になる。|CASE-105::この事例は、課題に近い公共性、運営、滞在、プログラム複合を比較するための参考になる。,"CASE-070::This case helps compare mixed programs, publicness, and operational ideas related to the issue.|CASE-042::This case helps compare mixed programs, publicness, and operational ideas related to the issue.|CASE-029::This case helps compare mixed programs, publicness, and operational ideas related to the issue.",https://www.designboom.com/architecture/mikami-architects-tonami-public-library-giant-wooden-roof-01-05-2021/|https://www.mext.go.jp/,published,2026-07-05
ISSUE-071,港湾仓库与水边公共活动,港湾岸倉庫と水辺の公共活動,Design topic: harbor仓库andwaterfrontpublic activities,旧港湾仓库有历史感和大空间，但容易只变成消费景点；建筑可加入展览、市场、休息和水边活动组织。,港湾岸・倉庫再生・水辺・活動を手がかりに「港湾岸倉庫と水辺の公共活動」を空間課題として捉える。港湾岸活動倉庫、水辺市場リビングなどの用途と敷地タイプを結び、卒業設計の企画書へ進めるための入口にする。,"Use harbor, Design topic: 仓库regeneration, waterfront, activity to frame “Design topic: harbor仓库andwaterfrontpublic activities” as a spatial thesis topic. Connect it with site types and programs such as Design topic: harboractivity仓库, Design topic: waterfrontmarket客厅, then develop it toward a proposal brief.",港湾|仓库再生|水边|活动,港湾岸|倉庫再生|水辺|活動,harbor|Design topic: 仓库regeneration|waterfront|activity,SITE-009|SITE-006,港湾活动仓库|水边市场客厅|历史仓库文化馆,港湾岸活動倉庫|水辺市場リビング|歴史倉庫文化館,Design topic: harboractivity仓库|Design topic: waterfrontmarket客厅|Design topic: history仓库culture馆,CASE-071|CASE-017|CASE-055|CASE-121,CASE-071::看红砖仓库如何从物流设施转为水边活动目的地。|CASE-017::看港湾商业生产展示如何形成临水复合体。|CASE-055::看美术馆如何连接运河和港口景观。,CASE-071::この事例は、課題に近い公共性、運営、滞在、プログラム複合を比較するための参考になる。|CASE-017::この事例は、課題に近い公共性、運営、滞在、プログラム複合を比較するための参考になる。|CASE-055::この事例は、課題に近い公共性、運営、滞在、プログラム複合を比較するための参考になる。|CASE-121::この事例は、課題に近い公共性、運営、滞在、プログラム複合を比較するための参考になる。,"CASE-071::This case helps compare mixed programs, publicness, and operational ideas related to the issue.|CASE-017::This case helps compare mixed programs, publicness, and operational ideas related to the issue.|CASE-055::This case helps compare mixed programs, publicness, and operational ideas related to the issue.",https://www.yokohamajapan.com/things-to-do/detail.php?bbid=184|https://www.mlit.go.jp/,published,2026-07-05
ISSUE-072,木造街区的微更新接待系统,木造街区の微更新と受け入れシステム,Design topic: woodenneighborhood微renewal接待系统,木造密集街区不适合大拆大建，小型旅宿、咖啡、展览和接待节点可让街区慢慢更新并保留生活尺度。,木造密集・微更新・宿泊・街区接待を手がかりに「木造街区の微更新と受け入れシステム」を空間課題として捉える。街区接待所、木造微更新宿泊などの用途と敷地タイプを結び、卒業設計の企画書へ進めるための入口にする。,"Use Design topic: wooden密集, Design topic: 微renewal, Design topic: 旅宿, Design topic: neighborhood接待 to frame “Design topic: woodenneighborhood微renewal接待系统” as a spatial thesis topic. Connect it with site types and programs such as Design topic: neighborhood接待所, Design topic: wooden微renewal旅宿, then develop it toward a proposal brief.",木造密集|微更新|旅宿|街区接待,木造密集|微更新|宿泊|街区接待,Design topic: wooden密集|Design topic: 微renewal|Design topic: 旅宿|Design topic: neighborhood接待,SITE-003|SITE-008,街区接待所|木造微更新旅宿|下町文化客厅,街区接待所|木造微更新宿泊|下町文化リビング,Design topic: neighborhood接待所|Design topic: wooden微renewal旅宿|Design topic: 下町culture客厅,CASE-028|CASE-060|CASE-071|CASE-109,CASE-028::看旧旅馆再生如何成为地方中心街区触媒。|CASE-060::看传统收藏和庭园如何连接观光街区。,CASE-028::この事例は、課題に近い公共性、運営、滞在、プログラム複合を比較するための参考になる。|CASE-060::この事例は、課題に近い公共性、運営、滞在、プログラム複合を比較するための参考になる。|CASE-071::この事例は、課題に近い公共性、運営、滞在、プログラム複合を比較するための参考になる。|CASE-109::この事例は、課題に近い公共性、運営、滞在、プログラム複合を比較するための参考になる。,"CASE-028::This case helps compare mixed programs, publicness, and operational ideas related to the issue.|CASE-060::This case helps compare mixed programs, publicness, and operational ideas related to the issue.",https://data.shinkenchiku.online/en/projects/articles/SK_2016_01_114-0|https://www.mlit.go.jp/,published,2026-07-05
ISSUE-073,高架下艺术驻留与治安再生,高架下アーティスト滞在と治安再生,Design topic: 高架下art驻留and治安regeneration,高架下和旧风俗街区常被视为城市负面空间，但艺术驻留、工作室和小展厅可形成渐进式治安与文化再生。,高架下・アート滞在制作・治安・街区再生を手がかりに「高架下アーティスト滞在と治安再生」を空間課題として捉える。高架下アート滞在制作、街区工房帯などの用途と敷地タイプを結び、卒業設計の企画書へ進めるための入口にする。,"Use Design topic: 高架下, Design topic: art驻留, Design topic: 治安, neighborhoodregeneration to frame “Design topic: 高架下art驻留and治安regeneration” as a spatial thesis topic. Connect it with site types and programs such as Design topic: 高架下art驻留, Design topic: neighborhood工作室带, then develop it toward a proposal brief.",高架下|艺术驻留|治安|街区再生,高架下|アート滞在制作|治安|街区再生,Design topic: 高架下|Design topic: art驻留|Design topic: 治安|neighborhoodregeneration,SITE-015|SITE-016,高架下艺术驻留|街区工作室带|社区展览走廊,高架下アート滞在制作|街区工房帯|コミュニティ展示回廊,Design topic: 高架下art驻留|Design topic: neighborhood工作室带|Design topic: communityexhibition走廊,CASE-038|CASE-068|CASE-111|CASE-110,CASE-038::看旧铁路用地如何转为小店创业和街区交流。|CASE-068::看线状公园如何把运动和城市缝隙连接。,CASE-038::この事例は、課題に近い公共性、運営、滞在、プログラム複合を比較するための参考になる。|CASE-068::この事例は、課題に近い公共性、運営、滞在、プログラム複合を比較するための参考になる。|CASE-111::この事例は、課題に近い公共性、運営、滞在、プログラム複合を比較するための参考になる。|CASE-110::この事例は、課題に近い公共性、運営、滞在、プログラム複合を比較するための参考になる。,"CASE-038::This case helps compare mixed programs, publicness, and operational ideas related to the issue.|CASE-068::This case helps compare mixed programs, publicness, and operational ideas related to the issue.",https://koganecho.net/9616/4|https://artres.moc.gov.tw/en/database/globalContent/ab1de15417534daea4c133b2e911db5b,published,2026-07-05
ISSUE-074,书店文化复合与第三空间,書店文化複合と第三の居場所,bookstorecultural complexandthird place,实体书店如果只卖书很难承载城市公共性，可加入咖啡、庭院、展览和长时间停留，成为安静的文化第三空间。,書店・文化複合・第三空間・カフェを手がかりに「書店文化複合と第三の居場所」を空間課題として捉える。書店文化街区、読書カフェリビングなどの用途と敷地タイプを結び、卒業設計の企画書へ進めるための入口にする。,"Use bookstore, cultural complex, third place, cafe to frame “bookstorecultural complexandthird place” as a spatial thesis topic. Connect it with site types and programs such as bookstorecultureneighborhood, Design topic: 阅读cafe客厅, then develop it toward a proposal brief.",书店|文化复合|第三空间|咖啡,書店|文化複合|第三空間|カフェ,bookstore|cultural complex|third place|cafe,SITE-003|SITE-008,书店文化街区|阅读咖啡客厅|低层文化复合体,書店文化街区|読書カフェリビング|低層文化複合体,bookstorecultureneighborhood|Design topic: 阅读cafe客厅|Design topic: 低层cultural complex体,CASE-074|CASE-051|CASE-029|CASE-115,CASE-074::看书店、咖啡和庭院如何组成低层文化街区。|CASE-051::看出版和文化如何形成郊区目的地。|CASE-029::看图书馆和市民活动如何提供非商业停留。,CASE-074::この事例は、課題に近い公共性、運営、滞在、プログラム複合を比較するための参考になる。|CASE-051::この事例は、課題に近い公共性、運営、滞在、プログラム複合を比較するための参考になる。|CASE-029::この事例は、課題に近い公共性、運営、滞在、プログラム複合を比較するための参考になる。|CASE-115::この事例は、課題に近い公共性、運営、滞在、プログラム複合を比較するための参考になる。,"CASE-074::This case helps compare mixed programs, publicness, and operational ideas related to the issue.|CASE-051::This case helps compare mixed programs, publicness, and operational ideas related to the issue.|CASE-029::This case helps compare mixed programs, publicness, and operational ideas related to the issue.",https://www.klein-dytham.com/daikanyama-t-site|https://store.tsite.jp/daikanyama/english/,published,2026-07-05
ISSUE-075,公共浴场作为社区健康节点,公衆浴場をコミュニティ健康拠点へ,Design topic: public浴场作为communityhealth节点,钱汤不仅是洗浴设施，也能承载老年人健康、年轻人桑拿、邻里交流和灾时卫生支援，适合做小而强的社区题目。,公衆浴場・健康・コミュニティ・サウナを手がかりに「公衆浴場をコミュニティ健康拠点へ」を空間課題として捉える。コミュニティ浴場更新、健康サウナリビングなどの用途と敷地タイプを結び、卒業設計の企画書へ進めるための入口にする。,"Use Design topic: public浴场, health, community, Design topic: 桑拿 to frame “Design topic: public浴场作为communityhealth节点” as a spatial thesis topic. Connect it with site types and programs such as Design topic: community浴场renewal, Design topic: health桑拿客厅, then develop it toward a proposal brief.",公共浴场|健康|社区|桑拿,公衆浴場|健康|コミュニティ|サウナ,Design topic: public浴场|health|community|Design topic: 桑拿,SITE-013|SITE-011,社区浴场更新|健康桑拿客厅|街区卫生支援站,コミュニティ浴場更新|健康サウナリビング|街区衛生支援拠点,Design topic: community浴场renewal|Design topic: health桑拿客厅|Design topic: neighborhood卫生support站,CASE-033|CASE-040|CASE-112|CASE-117,CASE-033::看温泉街服务站如何复合休息和地域食。,CASE-033::この事例は、課題に近い公共性、運営、滞在、プログラム複合を比較するための参考になる。|CASE-040::この事例は、課題に近い公共性、運営、滞在、プログラム複合を比較するための参考になる。|CASE-112::この事例は、課題に近い公共性、運営、滞在、プログラム複合を比較するための参考になる。|CASE-117::この事例は、課題に近い公共性、運営、滞在、プログラム複合を比較するための参考になる。,"CASE-033::This case helps compare mixed programs, publicness, and operational ideas related to the issue.",https://sento-to-machi.org/en/|https://www.archdaily.com/1004030/komaeyu-public-bathhouse-schemata-architects-plus-jo-nagasaka,published,2026-07-05
ISSUE-076,一站式社区公共中心,ワンストップ型コミュニティ公共センター,Design topic: 一站式communitypubliccenter,地方居民需要办事、阅读、儿童活动和会议不分散；复合公共中心可通过共享大厅和中庭组织一站式服务。,コミュニティセンター・一拠点式サービス・図書館・子どもセンターを手がかりに「ワンストップ型コミュニティ公共センター」を空間課題として捉える。一拠点式コミュニティセンター、公共サービス中庭などの用途と敷地タイプを結び、卒業設計の企画書へ進めるための入口にする。,"Use communitycenter, Design topic: 一站式service, library, childrencenter to frame “Design topic: 一站式communitypubliccenter” as a spatial thesis topic. Connect it with site types and programs such as Design topic: 一站式communitycenter, Design topic: public service中庭, then develop it toward a proposal brief.",社区中心|一站式服务|图书馆|儿童中心,コミュニティセンター|一拠点式サービス|図書館|子どもセンター,communitycenter|Design topic: 一站式service|library|childrencenter,SITE-008|SITE-011,一站式社区中心|公共服务中庭|儿童图书复合馆,一拠点式コミュニティセンター|公共サービス中庭|子ども図書複合館,Design topic: 一站式communitycenter|Design topic: public service中庭|Design topic: children图书复合馆,CASE-076|CASE-022|CASE-101|CASE-105,CASE-076::看社区中心、图书馆、儿童中心和市政分所如何复合。|CASE-022::看图书馆如何通过公共伞状空间形成市民客厅。,CASE-076::この事例は、課題に近い公共性、運営、滞在、プログラム複合を比較するための参考になる。|CASE-022::この事例は、課題に近い公共性、運営、滞在、プログラム複合を比較するための参考になる。|CASE-101::この事例は、課題に近い公共性、運営、滞在、プログラム複合を比較するための参考になる。|CASE-105::この事例は、課題に近い公共性、運営、滞在、プログラム複合を比較するための参考になる。,"CASE-076::This case helps compare mixed programs, publicness, and operational ideas related to the issue.|CASE-022::This case helps compare mixed programs, publicness, and operational ideas related to the issue.",https://www.c-and-a.co.jp/en/projects/kozakaikifukan/|https://www.mext.go.jp/,published,2026-07-05
ISSUE-077,都市农业与食育办公空间,都市農業と食育オフィス空間,Design topic: 都市农业andfood education办公space,城市人远离食物生产，办公楼、屋顶和闲置地可嵌入都市农业与食育活动，把环境教育放进日常工作和社区。,都市農業・食育・オフィス・環境教育を手がかりに「都市農業と食育オフィス空間」を空間課題として捉える。都市農場オフィス、屋根食育センターなどの用途と敷地タイプを結び、卒業設計の企画書へ進めるための入口にする。,"Use Design topic: 都市农业, food education, Design topic: 办公, environmental education to frame “Design topic: 都市农业andfood education办公space” as a spatial thesis topic. Connect it with site types and programs such as Design topic: 都市农场office, rooffood educationcenter, then develop it toward a proposal brief.",都市农业|食育|办公|环境教育,都市農業|食育|オフィス|環境教育,Design topic: 都市农业|food education|Design topic: 办公|environmental education,SITE-012|SITE-019,都市农场办公室|屋顶食育中心|社区农园学习馆,都市農場オフィス|屋根食育センター|コミュニティ農園学習館,Design topic: 都市农场office|rooffood educationcenter|Design topic: community农园learning馆,CASE-077|CASE-002|CASE-063|CASE-138,CASE-077::看办公楼如何嵌入都市农业和食物教育。|CASE-002::看零废弃中心如何把循环教育变成可见设施。|CASE-063::看道之驿如何加入共创办公和地域食服务。,CASE-077::この事例は、課題に近い公共性、運営、滞在、プログラム複合を比較するための参考になる。|CASE-002::この事例は、課題に近い公共性、運営、滞在、プログラム複合を比較するための参考になる。|CASE-063::この事例は、課題に近い公共性、運営、滞在、プログラム複合を比較するための参考になる。|CASE-138::この事例は、課題に近い公共性、運営、滞在、プログラム複合を比較するための参考になる。,"CASE-077::This case helps compare mixed programs, publicness, and operational ideas related to the issue.|CASE-002::This case helps compare mixed programs, publicness, and operational ideas related to the issue.|CASE-063::This case helps compare mixed programs, publicness, and operational ideas related to the issue.",https://konodesigns.com/urban-farm/|https://fds.or.jp/en/report/888/,published,2026-07-05
ISSUE-078,旧浴场再生与年轻用户回流,旧浴場再生と若い利用者の回帰,Design topic: 旧浴场regenerationand年轻用户回流,老钱汤如果只维持原功能可能难以续存，可通过桑拿、酒吧、住宿、展览和街角休息吸引年轻用户回流。,公衆浴場・再生・若い人・街区交流を手がかりに「旧浴場再生と若い利用者の回帰」を空間課題として捉える。旧浴場再生館、サウナ交流拠点などの用途と敷地タイプを結び、卒業設計の企画書へ進めるための入口にする。,"Use Design topic: public浴场, regeneration, Design topic: 年轻人, neighborhoodexchange to frame “Design topic: 旧浴场regenerationand年轻用户回流” as a spatial thesis topic. Connect it with site types and programs such as Design topic: 旧浴场regeneration馆, Design topic: 桑拿exchange站, then develop it toward a proposal brief.",公共浴场|再生|年轻人|街区交流,公衆浴場|再生|若い人|街区交流,Design topic: public浴场|regeneration|Design topic: 年轻人|neighborhoodexchange,SITE-013|SITE-015,旧浴场再生馆|桑拿交流站|街角浴场客厅,旧浴場再生館|サウナ交流拠点|街角浴場リビング,Design topic: 旧浴场regeneration馆|Design topic: 桑拿exchange站|Design topic: 街角浴场客厅,CASE-033|CASE-074|CASE-111|CASE-112,,CASE-033::この事例は、課題に近い公共性、運営、滞在、プログラム複合を比較するための参考になる。|CASE-074::この事例は、課題に近い公共性、運営、滞在、プログラム複合を比較するための参考になる。|CASE-111::この事例は、課題に近い公共性、運営、滞在、プログラム複合を比較するための参考になる。|CASE-112::この事例は、課題に近い公共性、運営、滞在、プログラム複合を比較するための参考になる。,,https://schemata.jp/koganeyu/|https://sento-to-machi.org/en/,published,2026-07-05
ISSUE-079,既有图书馆社区中心温和更新,既存図書館・コミュニティセンターの穏やかな更新,Design topic: 既有librarycommunitycenter温和renewal,老图书馆和社区中心不一定要重建，通过家具、光、动线和共享空间更新也能提升学习和市民活动质量。,図書館・コミュニティセンター・既存施設更新・市民活動を手がかりに「既存図書館・コミュニティセンターの穏やかな更新」を空間課題として捉える。既存図書館更新、コミュニティ学習リビングなどの用途と敷地タイプを結び、卒業設計の企画書へ進めるための入口にする。,"Use library, communitycenter, Design topic: 既有facilityrenewal, citizenactivity to frame “Design topic: 既有librarycommunitycenter温和renewal” as a spatial thesis topic. Connect it with site types and programs such as Design topic: 既有libraryrenewal, Design topic: communitylearning客厅, then develop it toward a proposal brief.",图书馆|社区中心|既有设施更新|市民活动,図書館|コミュニティセンター|既存施設更新|市民活動,library|communitycenter|Design topic: 既有facilityrenewal|citizenactivity,SITE-008|SITE-012,既有图书馆更新|社区学习客厅|公共家具改造馆,既存図書館更新|コミュニティ学習リビング|公共家具改造館,Design topic: 既有libraryrenewal|Design topic: communitylearning客厅|Design topic: public家具改造馆,CASE-079|CASE-076|CASE-070|CASE-114,CASE-079::看既有图书馆和社区中心如何通过室内更新提升停留体验。|CASE-076::看多功能公共中心如何组织一站式服务。|CASE-070::看地方图书馆如何成为全天候客厅。,CASE-079::この事例は、課題に近い公共性、運営、滞在、プログラム複合を比較するための参考になる。|CASE-076::この事例は、課題に近い公共性、運営、滞在、プログラム複合を比較するための参考になる。|CASE-070::この事例は、課題に近い公共性、運営、滞在、プログラム複合を比較するための参考になる。|CASE-114::この事例は、課題に近い公共性、運営、滞在、プログラム複合を比較するための参考になる。,"CASE-079::This case helps compare mixed programs, publicness, and operational ideas related to the issue.|CASE-076::This case helps compare mixed programs, publicness, and operational ideas related to the issue.|CASE-070::This case helps compare mixed programs, publicness, and operational ideas related to the issue.",https://archello.com/project/ebina-city-arima-library-community-center|https://www.mext.go.jp/,published,2026-07-05
ISSUE-080,市场与市政服务的日常公共性,市場と行政サービスの日常公共性,Design topic: marketand市政service日常publicness,市场和市政办公都接近日常生活，若能通过公共屋面、入口和活动场整合，可形成高频使用的城市客厅。,市場・行政サービス・日常公共性・大屋根を手がかりに「市場と行政サービスの日常公共性」を空間課題として捉える。市場行政複合体、大屋根市場などの用途と敷地タイプを結び、卒業設計の企画書へ進めるための入口にする。,"Use market, Design topic: 市政service, Design topic: 日常publicness, Design topic: public屋面 to frame “Design topic: marketand市政service日常publicness” as a spatial thesis topic. Connect it with site types and programs such as Design topic: market市政复合体, Design topic: public屋面market, then develop it toward a proposal brief.",市场|市政服务|日常公共性|公共屋面,市場|行政サービス|日常公共性|大屋根,market|Design topic: 市政service|Design topic: 日常publicness|Design topic: public屋面,SITE-009|SITE-012,市场市政复合体|公共屋面市场|城市日常服务厅,市場行政複合体|大屋根市場|都市日常サービスホール,Design topic: market市政复合体|Design topic: public屋面market|Design topic: urban日常service厅,CASE-071|CASE-050|CASE-116|CASE-126,CASE-071::看港湾仓库如何成为市场和活动目的地。|CASE-050::看线性公园如何整合商业和日常活动。,CASE-071::この事例は、課題に近い公共性、運営、滞在、プログラム複合を比較するための参考になる。|CASE-050::この事例は、課題に近い公共性、運営、滞在、プログラム複合を比較するための参考になる。|CASE-116::この事例は、課題に近い公共性、運営、滞在、プログラム複合を比較するための参考になる。|CASE-126::この事例は、課題に近い公共性、運営、滞在、プログラム複合を比較するための参考になる。,"CASE-071::This case helps compare mixed programs, publicness, and operational ideas related to the issue.|CASE-050::This case helps compare mixed programs, publicness, and operational ideas related to the issue.",https://www.mvrdv.com/projects/2/market-and-civic-offices|https://www.mlit.go.jp/,published,2026-07-05
ISSUE-081,灾后复兴公共中心与市民交流,災後復興公共センターと市民交流,Design topic: post-disaster复兴publiccenterandcitizenexchange,灾后重建不只是修复建筑，也需要重新组织图书、育儿、展示和日常停留，让居民重新拥有城市中心。,災後復興・コミュニティセンター・市民交流・図書館を手がかりに「災後復興公共センターと市民交流」を空間課題として捉える。災後市民交流センター、復興図書館などの用途と敷地タイプを結び、卒業設計の企画書へ進めるための入口にする。,"Use Design topic: post-disaster复兴, communitycenter, citizenexchange, library to frame “Design topic: post-disaster复兴publiccenterandcitizenexchange” as a spatial thesis topic. Connect it with site types and programs such as post-disastercitizenexchangecenter, Design topic: 复兴library, then develop it toward a proposal brief.",灾后复兴|社区中心|市民交流|图书馆,災後復興|コミュニティセンター|市民交流|図書館,Design topic: post-disaster复兴|communitycenter|citizenexchange|library,SITE-010|SITE-008,灾后市民交流中心|复兴图书馆|公共活动复合馆,災後市民交流センター|復興図書館|公共活動複合館,post-disastercitizenexchangecenter|Design topic: 复兴library|Design topic: public activities复合馆,CASE-081|CASE-015|CASE-096|CASE-100,CASE-081::看复兴公共中心如何复合图书馆、育儿和市民活动。|CASE-015::看灾害记忆设施如何连接纪念和公共学习。,CASE-081::この事例は、課題に近い公共性、運営、滞在、プログラム複合を比較するための参考になる。|CASE-015::この事例は、課題に近い公共性、運営、滞在、プログラム複合を比較するための参考になる。|CASE-096::この事例は、課題に近い公共性、運営、滞在、プログラム複合を比較するための参考になる。|CASE-100::この事例は、課題に近い公共性、運営、滞在、プログラム複合を比較するための参考になる。,"CASE-081::This case helps compare mixed programs, publicness, and operational ideas related to the issue.|CASE-015::This case helps compare mixed programs, publicness, and operational ideas related to the issue.",https://world-architects.com/en/unemori-architects-tokyo/project/sukagawa-community-center|https://www.bousai.go.jp/,published,2026-07-05
ISSUE-082,地方食文化与公共厨房再生,地域食文化と公共キッチン再生,Design topic: local食cultureandpublickitchenregeneration,地方食文化如果只停留在观光消费，很难进入居民日常；公共厨房可连接空屋、农产、共食和小型就业。,食文化・公共キッチン・空き家再生・共食を手がかりに「地域食文化と公共キッチン再生」を空間課題として捉える。旧民家公共キッチン、地域食文化工房などの用途と敷地タイプを結び、卒業設計の企画書へ進めるための入口にする。,"Use Design topic: 食culture, publickitchen, vacant houseregeneration, shared meals to frame “Design topic: local食cultureandpublickitchenregeneration” as a spatial thesis topic. Connect it with site types and programs such as Design topic: 旧民家publickitchen, local foodcultureworkshop, then develop it toward a proposal brief.",食文化|公共厨房|空屋再生|共食,食文化|公共キッチン|空き家再生|共食,Design topic: 食culture|publickitchen|vacant houseregeneration|shared meals,SITE-003|SITE-012,旧民家公共厨房|地域食文化工坊|共食交流站,旧民家公共キッチン|地域食文化工房|共食交流拠点,Design topic: 旧民家publickitchen|local foodcultureworkshop|Design topic: shared mealsexchange站,CASE-063|CASE-002|CASE-116|CASE-128,CASE-063::看道之驿如何承接地域食和公共服务。,CASE-063::この事例は、課題に近い公共性、運営、滞在、プログラム複合を比較するための参考になる。|CASE-002::この事例は、課題に近い公共性、運営、滞在、プログラム複合を比較するための参考になる。|CASE-116::この事例は、課題に近い公共性、運営、滞在、プログラム複合を比較するための参考になる。|CASE-128::この事例は、課題に近い公共性、運営、滞在、プログラム複合を比較するための参考になる。,"CASE-063::This case helps compare mixed programs, publicness, and operational ideas related to the issue.",https://sugawaradaisuke.com/en/projects/yokote-no-wagaya/|https://www.maff.go.jp/,published,2026-07-05
ISSUE-083,岛屿空屋与艺术食堂平台,島の空き家とアート食堂プラットフォーム,Design topic: 岛屿vacant houseandartdining room平台,人口减少岛屿的空屋可转为艺术、餐饮和交流节点，让游客消费不只停留在拍照，而能参与地方生活。,島嶼・空き家・アート・地域食を手がかりに「島の空き家とアート食堂プラットフォーム」を空間課題として捉える。島嶼アート食堂、旧民家交流館などの用途と敷地タイプを結び、卒業設計の企画書へ進めるための入口にする。,"Use Design topic: 岛屿, vacant house, art, local food to frame “Design topic: 岛屿vacant houseandartdining room平台” as a spatial thesis topic. Connect it with site types and programs such as Design topic: 岛屿artdining room, Design topic: 旧民家exchange馆, then develop it toward a proposal brief.",岛屿|空屋|艺术|地域食,島嶼|空き家|アート|地域食,Design topic: 岛屿|vacant house|art|local food,SITE-003|SITE-009,岛屿艺术食堂|旧民家交流馆|港湾食文化节点,島嶼アート食堂|旧民家交流館|港湾岸食文化ノード,Design topic: 岛屿artdining room|Design topic: 旧民家exchange馆|Design topic: harbor食culture节点,CASE-017|CASE-041|CASE-045|CASE-101,CASE-017::看港湾生产展示如何形成水边目的地。,CASE-017::この事例は、課題に近い公共性、運営、滞在、プログラム複合を比較するための参考になる。|CASE-041::この事例は、課題に近い公共性、運営、滞在、プログラム複合を比較するための参考になる。|CASE-045::この事例は、課題に近い公共性、運営、滞在、プログラム複合を比較するための参考になる。|CASE-101::この事例は、課題に近い公共性、運営、滞在、プログラム複合を比較するための参考になる。,"CASE-017::This case helps compare mixed programs, publicness, and operational ideas related to the issue.",https://aberyo.com/projects/shima-kitchen|https://setouchi-artfest.jp/en/,published,2026-07-05
ISSUE-084,校园开放与制造学习接口,キャンパス開放とものづくり学習の接点,Design topic: campusopenandmakinglearning接口,学校里的工房和技术学习若完全封闭，难以影响城市；校园边缘设施可让制造、展示和社区课堂可见化。,キャンパス開放・ものづくり学習・工房・産学合作を手がかりに「キャンパス開放とものづくり学習の接点」を空間課題として捉える。開放ものづくり学習館、キャンパスコミュニティ工房などの用途と敷地タイプを結び、卒業設計の企画書へ進めるための入口にする。,"Use campusopen, makinglearning, Design topic: 工房, Design topic: 产学合作 to frame “Design topic: campusopenandmakinglearning接口” as a spatial thesis topic. Connect it with site types and programs such as Design topic: openmakinglearning馆, Design topic: campuscommunity工房, then develop it toward a proposal brief.",校园开放|制造学习|工房|产学合作,キャンパス開放|ものづくり学習|工房|産学合作,campusopen|makinglearning|Design topic: 工房|Design topic: 产学合作,SITE-009|SITE-012,开放制造学习馆|校园社区工房|木构实验中心,開放ものづくり学習館|キャンパスコミュニティ工房|木構造実験センター,Design topic: openmakinglearning馆|Design topic: campuscommunity工房|Design topic: 木构实验center,CASE-034|CASE-077|CASE-106|CASE-127,CASE-034::看开放工房如何用大空间支持实验。|CASE-077::看办公楼如何把食育和工作场景连接。,CASE-034::この事例は、課題に近い公共性、運営、滞在、プログラム複合を比較するための参考になる。|CASE-077::この事例は、課題に近い公共性、運営、滞在、プログラム複合を比較するための参考になる。|CASE-106::この事例は、課題に近い公共性、運営、滞在、プログラム複合を比較するための参考になる。|CASE-127::この事例は、課題に近い公共性、運営、滞在、プログラム複合を比較するための参考になる。,"CASE-034::This case helps compare mixed programs, publicness, and operational ideas related to the issue.|CASE-077::This case helps compare mixed programs, publicness, and operational ideas related to the issue.",https://www.archdaily.com/1018050/the-learning-architecture-for-learners-welcome-center-vuild-inc|https://www.mext.go.jp/,published,2026-07-05
ISSUE-085,长期病友与家属的非医院支持,長期療養者と家族への非病院型支援,Design topic: 长期病友and家属非医院支持,癌症和长期疾病患者常需要医疗之外的谈话、休息与生活咨询，建筑可提供像家一样的支持环境。,療養者支援・医療ケア・家族・相談を手がかりに「長期療養者と家族への非病院型支援」を空間課題として捉える。療養者支援小さな中庭、医療外相談リビングなどの用途と敷地タイプを結び、卒業設計の企画書へ進めるための入口にする。,"Use Design topic: 病友支持, healthcare, Design topic: 家属, consultation to frame “Design topic: 长期病友and家属非医院支持” as a spatial thesis topic. Connect it with site types and programs such as Design topic: 病友支持小院, Design topic: healthcare外consultation客厅, then develop it toward a proposal brief.",病友支持|医疗照护|家属|咨询,療養者支援|医療ケア|家族|相談,Design topic: 病友支持|healthcare|Design topic: 家属|consultation,SITE-011|SITE-007,病友支持小院|医疗外咨询客厅|家庭照护支持站,療養者支援小さな中庭|医療外相談リビング|家庭ケア支援拠点,Design topic: 病友支持小院|Design topic: healthcare外consultation客厅|Design topic: 家庭care支持站,CASE-096|CASE-123|CASE-103|CASE-115,,CASE-096::この事例は、課題に近い公共性、運営、滞在、プログラム複合を比較するための参考になる。|CASE-123::この事例は、課題に近い公共性、運営、滞在、プログラム複合を比較するための参考になる。|CASE-103::この事例は、課題に近い公共性、運営、滞在、プログラム複合を比較するための参考になる。|CASE-115::この事例は、課題に近い公共性、運営、滞在、プログラム複合を比較するための参考になる。,,https://maggiestokyo.org/buildings|https://www.mhlw.go.jp/,published,2026-07-05
ISSUE-086,照护者疲劳与老年日间客厅,介護者疲労と高齢者の日中リビング,Design topic: care者疲劳and老年日间客厅,老年照护不能只关注被照护者，家属和专业照护者也需要短暂休息、交流和学习的社区空间。,ケア者・高齢者ケア・日間リビング・休息を手がかりに「介護者疲労と高齢者の日中リビング」を空間課題として捉える。ケア者休息リビング、高齢者日間交流所などの用途と敷地タイプを結び、卒業設計の企画書へ進めるための入口にする。,"Use Design topic: care者, Design topic: 老年care, Design topic: 日间客厅, Design topic: 休息 to frame “Design topic: care者疲劳and老年日间客厅” as a spatial thesis topic. Connect it with site types and programs such as Design topic: care者休息客厅, Design topic: 老年日间exchange所, then develop it toward a proposal brief.",照护者|老年照护|日间客厅|休息,ケア者|高齢者ケア|日間リビング|休息,Design topic: care者|Design topic: 老年care|Design topic: 日间客厅|Design topic: 休息,SITE-011|SITE-001,照护者休息客厅|老年日间交流所|邻里照护咖啡,ケア者休息リビング|高齢者日間交流所|近隣ケアカフェ,Design topic: care者休息客厅|Design topic: 老年日间exchange所|Design topic: 邻里carecafe,CASE-096|CASE-123|CASE-103|CASE-100,,CASE-096::この事例は、課題に近い公共性、運営、滞在、プログラム複合を比較するための参考になる。|CASE-123::この事例は、課題に近い公共性、運営、滞在、プログラム複合を比較するための参考になる。|CASE-103::この事例は、課題に近い公共性、運営、滞在、プログラム複合を比較するための参考になる。|CASE-100::この事例は、課題に近い公共性、運営、滞在、プログラム複合を比較するための参考になる。,,https://www.archdaily.com/1004693/long-house-with-an-engawa-senior-daycare-center-yamazaki-kentaro-design-workshop|https://www.mhlw.go.jp/,published,2026-07-05
ISSUE-087,儿童健康咨询与市中心再利用,子ども健康相談とセンター市街地の再利用,Design topic: childrenhealthconsultationand市centerreuse,儿童健康、育儿咨询和家庭支持若分散在机构里，家长进入门槛高；市中心既有建筑可转为可见的支持平台。,子ども健康・子育て支援・相談・市センター再利用を手がかりに「子ども健康相談とセンター市街地の再利用」を空間課題として捉える。子ども健康支援センター、市センター子育てリビングなどの用途と敷地タイプを結び、卒業設計の企画書へ進めるための入口にする。,"Use childrenhealth, childcaresupport, consultation, Design topic: 市centerreuse to frame “Design topic: childrenhealthconsultationand市centerreuse” as a spatial thesis topic. Connect it with site types and programs such as Design topic: childrenhealth支持center, Design topic: 市centerchildcare客厅, then develop it toward a proposal brief.",儿童健康|育儿支援|咨询|市中心再利用,子ども健康|子育て支援|相談|市センター再利用,childrenhealth|childcaresupport|consultation|Design topic: 市centerreuse,SITE-011|SITE-002,儿童健康支持中心|市中心育儿客厅|亲子咨询公园,子ども健康支援センター|市センター子育てリビング|親子相談公園,Design topic: childrenhealth支持center|Design topic: 市centerchildcare客厅|Design topic: 亲子consultationpark,CASE-076|CASE-023|CASE-103|CASE-112,CASE-076::看公共中心如何复合儿童、市政和图书功能。,CASE-076::この事例は、課題に近い公共性、運営、滞在、プログラム複合を比較するための参考になる。|CASE-023::この事例は、課題に近い公共性、運営、滞在、プログラム複合を比較するための参考になる。|CASE-103::この事例は、課題に近い公共性、運営、滞在、プログラム複合を比較するための参考になる。|CASE-112::この事例は、課題に近い公共性、運営、滞在、プログラム複合を比較するための参考になる。,"CASE-076::This case helps compare mixed programs, publicness, and operational ideas related to the issue.",https://www.archdaily.com/970741/kitakami-children-health-and-support-center-uta-unemori-teco-associates|https://www.mhlw.go.jp/,published,2026-07-05
ISSUE-088,小尺度公共屋顶与社区聚会,小さな大屋根とコミュニティの集まり,Design topic: 小尺度publicroofandcommunity聚会,社区中心不一定需要大体量，小屋顶、木质界面和连续活动空间也能回应街区尺度并制造公共停留。,コミュニティセンター・小屋根・木構造・市民活動を手がかりに「小さな大屋根とコミュニティの集まり」を空間課題として捉える。小屋根コミュニティ広場、木構造活動リビングなどの用途と敷地タイプを結び、卒業設計の企画書へ進めるための入口にする。,"Use communitycenter, Design topic: 小roof, Design topic: 木构, citizenactivity to frame “Design topic: 小尺度publicroofandcommunity聚会” as a spatial thesis topic. Connect it with site types and programs such as Design topic: 小roofcommunity广场, Design topic: 木构activity客厅, then develop it toward a proposal brief.",社区中心|小屋顶|木构|市民活动,コミュニティセンター|小屋根|木構造|市民活動,communitycenter|Design topic: 小roof|Design topic: 木构|citizenactivity,SITE-008|SITE-012,小屋顶社区广场|木构活动客厅|街区公共庇护所,小屋根コミュニティ広場|木構造活動リビング|街区公共庇護所,Design topic: 小roofcommunity广场|Design topic: 木构activity客厅|Design topic: neighborhoodpublic庇护所,CASE-043|CASE-027|CASE-124|CASE-125,CASE-043::看道之驿如何以地方材料塑造公共入口。,CASE-043::この事例は、課題に近い公共性、運営、滞在、プログラム複合を比較するための参考になる。|CASE-027::この事例は、課題に近い公共性、運営、滞在、プログラム複合を比較するための参考になる。|CASE-124::この事例は、課題に近い公共性、運営、滞在、プログラム複合を比較するための参考になる。|CASE-125::この事例は、課題に近い公共性、運営、滞在、プログラム複合を比較するための参考になる。,"CASE-043::This case helps compare mixed programs, publicness, and operational ideas related to the issue.",https://www.archdaily.com/625914/towada-community-plaza-kengo-kuma-and-associates|https://www.mlit.go.jp/,published,2026-07-05
ISSUE-089,修理咖啡与循环工坊网络,リペアカフェと循環工房ネットワーク,Design topic: repaircafeand循环workshop网络,循环经济若只停留在宣传，很难改变日常消费；修理咖啡和共享工坊可把材料再利用变成可参与的社区学习。,循環経済・修理・再利用・コミュニティ学習を手がかりに「リペアカフェと循環工房ネットワーク」を空間課題として捉える。修理カフェ工房、循環材料学習館などの用途と敷地タイプを結び、卒業設計の企画書へ進めるための入口にする。,"Use circular economy, repair, reuse, communitylearning to frame “Design topic: repaircafeand循环workshop网络” as a spatial thesis topic. Connect it with site types and programs such as repaircafeworkshop, Design topic: 循环材料learning馆, then develop it toward a proposal brief.",循环经济|修理|再利用|社区学习,循環経済|修理|再利用|コミュニティ学習,circular economy|repair|reuse|communitylearning,SITE-009|SITE-002,修理咖啡工坊|循环材料学习馆|共享工具客厅,修理カフェ工房|循環材料学習館|シェア工具リビング,repaircafeworkshop|Design topic: 循环材料learning馆|Design topic: shared工具客厅,CASE-089|CASE-002|CASE-038|CASE-101,CASE-089::看循环工坊群如何用再利用材料和合作社运营。|CASE-002::看零废弃中心如何把分类和教育可视化。,CASE-089::この事例は、課題に近い公共性、運営、滞在、プログラム複合を比較するための参考になる。|CASE-002::この事例は、課題に近い公共性、運営、滞在、プログラム複合を比較するための参考になる。|CASE-038::この事例は、課題に近い公共性、運営、滞在、プログラム複合を比較するための参考になる。|CASE-101::この事例は、課題に近い公共性、運営、滞在、プログラム複合を比較するための参考になる。,"CASE-089::This case helps compare mixed programs, publicness, and operational ideas related to the issue.|CASE-002::This case helps compare mixed programs, publicness, and operational ideas related to the issue.",https://www.hofvancartesius.nl/blog/hof-van-cartesius-a-place-where-people-thrive|https://www.repaircafe.org/en/about/,published,2026-07-05
ISSUE-090,灾后临时共同客厅与记忆延续,災後仮設共同リビングと記憶の継承,Design topic: post-disaster临时shared living roomand记忆延续,避难和复兴期间的临时空间若只满足最低功能，居民会失去谈话与共同记忆；小型共同客厅可支撑恢复过程。,災後復興・共同リビング・コミュニティ記憶・仮設空間を手がかりに「災後仮設共同リビングと記憶の継承」を空間課題として捉える。災後共同リビング、復興記憶小屋などの用途と敷地タイプを結び、卒業設計の企画書へ進めるための入口にする。,"Use Design topic: post-disaster复兴, shared living room, Design topic: community记忆, Design topic: 临时space to frame “Design topic: post-disaster临时shared living roomand记忆延续” as a spatial thesis topic. Connect it with site types and programs such as post-disastershared living room, Design topic: 复兴记忆小屋, then develop it toward a proposal brief.",灾后复兴|共同客厅|社区记忆|临时空间,災後復興|共同リビング|コミュニティ記憶|仮設空間,Design topic: post-disaster复兴|shared living room|Design topic: community记忆|Design topic: 临时space,SITE-010|SITE-001,灾后共同客厅|复兴记忆小屋|临时交流站,災後共同リビング|復興記憶小屋|仮設交流拠点,post-disastershared living room|Design topic: 复兴记忆小屋|Design topic: 临时exchange站,CASE-015|CASE-081|CASE-096|CASE-100,CASE-015::看灾害纪念设施如何承接记忆和学习。|CASE-081::看复兴公共中心如何重建城市公共生活。,CASE-015::この事例は、課題に近い公共性、運営、滞在、プログラム複合を比較するための参考になる。|CASE-081::この事例は、課題に近い公共性、運営、滞在、プログラム複合を比較するための参考になる。|CASE-096::この事例は、課題に近い公共性、運営、滞在、プログラム複合を比較するための参考になる。|CASE-100::この事例は、課題に近い公共性、運営、滞在、プログラム複合を比較するための参考になる。,"CASE-015::This case helps compare mixed programs, publicness, and operational ideas related to the issue.|CASE-081::This case helps compare mixed programs, publicness, and operational ideas related to the issue.",https://en.shelter.inc/our-works/home-for-all-in-rikuzentakata/|https://www.bousai.go.jp/,published,2026-07-05
ISSUE-091,多文化居民的语言与归属支持,多文化住民の言語と帰属支援,Design topic: multiculturalresident语言and归属支持,外国人居民增加后，语言、行政手续和归属感会同时变成生活障碍；空间可提供咨询、学习和文化交流入口。,多文化・外国人住民・言語支援・帰属感を手がかりに「多文化住民の言語と帰属支援」を空間課題として捉える。多文化交流センター、行政相談リビングなどの用途と敷地タイプを結び、卒業設計の企画書へ進めるための入口にする。,"Use multicultural, Design topic: foreign人resident, Design topic: 语言支持, Design topic: 归属感 to frame “Design topic: multiculturalresident语言and归属支持” as a spatial thesis topic. Connect it with site types and programs such as multiculturalexchangecenter, Design topic: 行政consultation客厅, then develop it toward a proposal brief.",多文化|外国人居民|语言支持|归属感,多文化|外国人住民|言語支援|帰属感,multicultural|Design topic: foreign人resident|Design topic: 语言支持|Design topic: 归属感,SITE-008|SITE-004,多文化交流中心|行政咨询客厅|跨文化活动馆,多文化交流センター|行政相談リビング|多文化活動館,multiculturalexchangecenter|Design topic: 行政consultation客厅|Design topic: 跨cultureactivity馆,CASE-096|CASE-100|CASE-029|CASE-115,CASE-096::看族群文化中心如何承接记忆、表演和广场活动。|CASE-100::看庭院文化村如何组织跨文化学习和接待。|CASE-029::看公共图书馆如何提供非商业停留和交流。,CASE-096::この事例は、課題に近い公共性、運営、滞在、プログラム複合を比較するための参考になる。|CASE-100::この事例は、課題に近い公共性、運営、滞在、プログラム複合を比較するための参考になる。|CASE-029::この事例は、課題に近い公共性、運営、滞在、プログラム複合を比較するための参考になる。|CASE-115::この事例は、課題に近い公共性、運営、滞在、プログラム複合を比較するための参考になる。,"CASE-096::This case helps compare mixed programs, publicness, and operational ideas related to the issue.|CASE-100::This case helps compare mixed programs, publicness, and operational ideas related to the issue.|CASE-029::This case helps compare mixed programs, publicness, and operational ideas related to the issue.",https://www.laconservancy.org/learn/historic-places/japanese-american-community-and-cultural-center/|https://www.soumu.go.jp/,published,2026-07-05
ISSUE-092,夜间学习与非商业停留缺口,夜間学習と非商業滞在の不足,Design topic: nightlearningand非商业停留缺口,许多学生和年轻人需要晚间学习场所，但城市夜间空间常被消费和娱乐占据，安全的非商业学习设施仍不足。,夜間学習・自習・非商業滞在・安全を手がかりに「夜間学習と非商業滞在の不足」を空間課題として捉える。24時間学習館、夜間図書リビングなどの用途と敷地タイプを結び、卒業設計の企画書へ進めるための入口にする。,"Use nightlearning, Design topic: 自习, Design topic: 非商业停留, safety to frame “Design topic: nightlearningand非商业停留缺口” as a spatial thesis topic. Connect it with site types and programs such as Design topic: 24小时learning馆, Design topic: night图书客厅, then develop it toward a proposal brief.",夜间学习|自习|非商业停留|安全,夜間学習|自習|非商業滞在|安全,nightlearning|Design topic: 自习|Design topic: 非商业停留|safety,SITE-017|SITE-004,24小时学习馆|夜间图书客厅|车站前自习中心,24時間学習館|夜間図書リビング|駅前自習センター,Design topic: 24小时learning馆|Design topic: night图书客厅|Design topic: station前自习center,CASE-095|CASE-098|CASE-018|CASE-104,CASE-095::看24小时大学图书馆如何回应持续学习需求。|CASE-098::看公共图书馆如何把阅读、制作和活动复合。|CASE-018::看城市图书馆如何用均质光环境支持安静学习。,CASE-095::この事例は、課題に近い公共性、運営、滞在、プログラム複合を比較するための参考になる。|CASE-098::この事例は、課題に近い公共性、運営、滞在、プログラム複合を比較するための参考になる。|CASE-018::この事例は、課題に近い公共性、運営、滞在、プログラム複合を比較するための参考になる。|CASE-104::この事例は、課題に近い公共性、運営、滞在、プログラム複合を比較するための参考になる。,"CASE-095::This case helps compare mixed programs, publicness, and operational ideas related to the issue.|CASE-098::This case helps compare mixed programs, publicness, and operational ideas related to the issue.|CASE-018::This case helps compare mixed programs, publicness, and operational ideas related to the issue.",https://web.aiu.ac.jp/en/education/support/library/outline/|https://www.mext.go.jp/,published,2026-07-05
ISSUE-093,女性安全与经济自立支援,女性の安全と経済的自立支援,Design topic: womensafetyand经济自立support,女性和年轻人在暴力、贫困或孤立风险中需要安全空间，也需要咨询、培训和小型经济活动接口。,女性支援・安全・自立・職業訓練を手がかりに「女性の安全と経済的自立支援」を空間課題として捉える。女性支援センター、自立職業訓練院落などの用途と敷地タイプを結び、卒業設計の企画書へ進めるための入口にする。,"Use women support, safety, Design topic: 自立, Design topic: 培训 to frame “Design topic: womensafetyand经济自立support” as a spatial thesis topic. Connect it with site types and programs such as women supportcenter, Design topic: 自立培训院落, then develop it toward a proposal brief.",女性支援|安全|自立|培训,女性支援|安全|自立|職業訓練,women support|safety|Design topic: 自立|Design topic: 培训,SITE-014|SITE-008,女性支援中心|自立培训院落|安全咨询基地,女性支援センター|自立職業訓練院落|安全相談基地,women supportcenter|Design topic: 自立培训院落|Design topic: safetyconsultation基地,CASE-096|CASE-123|CASE-115|CASE-103,,CASE-096::この事例は、課題に近い公共性、運営、滞在、プログラム複合を比較するための参考になる。|CASE-123::この事例は、課題に近い公共性、運営、滞在、プログラム複合を比較するための参考になる。|CASE-115::この事例は、課題に近い公共性、運営、滞在、プログラム複合を比較するための参考になる。|CASE-103::この事例は、課題に近い公共性、運営、滞在、プログラム複合を比較するための参考になる。,,https://sharondavisdesign.com/project/womens-opportunity-center-rwanda/|https://congrant.com/project/colabo/19128,published,2026-07-05
ISSUE-094,医疗建筑从机构到邻里尺度,医療建築を施設から近隣スケールへ,Design topic: healthcare建筑from机构to邻里尺度,医疗和照护设施如果过度机构化，使用者会感到压力；庭院、木质界面和小尺度公共区可让治疗接近日常。,医療ケア・近隣尺度・庭園・女性健康を手がかりに「医療建築を施設から近隣スケールへ」を空間課題として捉える。緑の病院、医療相談小さな中庭などの用途と敷地タイプを結び、卒業設計の企画書へ進めるための入口にする。,"Use healthcare, Design topic: 邻里尺度, courtyard, womenhealth to frame “Design topic: healthcare建筑from机构to邻里尺度” as a spatial thesis topic. Connect it with site types and programs such as Design topic: 绿色医院, Design topic: healthcareconsultation小院, then develop it toward a proposal brief.",医疗照护|邻里尺度|庭院|女性健康,医療ケア|近隣尺度|庭園|女性健康,healthcare|Design topic: 邻里尺度|courtyard|womenhealth,SITE-011|SITE-014,绿色医院|医疗咨询小院|邻里健康客厅,緑の病院|医療相談小さな中庭|近隣健康リビング,Design topic: 绿色医院|Design topic: healthcareconsultation小院|Design topic: 邻里health客厅,CASE-096|CASE-123|CASE-103|CASE-102,,CASE-096::この事例は、課題に近い公共性、運営、滞在、プログラム複合を比較するための参考になる。|CASE-123::この事例は、課題に近い公共性、運営、滞在、プログラム複合を比較するための参考になる。|CASE-103::この事例は、課題に近い公共性、運営、滞在、プログラム複合を比較するための参考になる。|CASE-102::この事例は、課題に近い公共性、運営、滞在、プログラム複合を比較するための参考になる。,,https://kkaa.co.jp/en/project/seijo-kinoshita-hospital-green-hospital/|https://www.mhlw.go.jp/,published,2026-07-05
ISSUE-095,车站从通行机器到城市入口,駅を通行機械から都市の入口へ,Design topic: stationfrom通行机器tourbanentry,大型车站周边常只有换乘和商业消费，但站前空间可以承接信息、休息、活动和城市身份展示。,駅・都市入口・拠点前広場・再開発を手がかりに「駅を通行機械から都市の入口へ」を空間課題として捉える。都市入口駅、拠点前公共ロビーなどの用途と敷地タイプを結び、卒業設計の企画書へ進めるための入口にする。,"Use station, urbanentry, Design topic: 站前广场, Design topic: 再开发 to frame “Design topic: stationfrom通行机器tourbanentry” as a spatial thesis topic. Connect it with site types and programs such as urbanentrystation, Design topic: 站前public大厅, then develop it toward a proposal brief.",车站|城市入口|站前广场|再开发,駅|都市入口|拠点前広場|再開発,station|urbanentry|Design topic: 站前广场|Design topic: 再开发,SITE-004|SITE-008,城市入口车站|站前公共大厅|换乘活动平台,都市入口駅|拠点前公共ロビー|乗換活動プラットフォーム,urbanentrystation|Design topic: 站前public大厅|Design topic: 换乘activity平台,CASE-094|CASE-050|CASE-071|CASE-117|CASE-133,CASE-094::看新车站如何把交通节点变成再开发入口。|CASE-050::看线性公园如何整合商业和公共活动。|CASE-071::看港湾仓库如何成为城市水边目的地。,CASE-094::この事例は、課題に近い公共性、運営、滞在、プログラム複合を比較するための参考になる。|CASE-050::この事例は、課題に近い公共性、運営、滞在、プログラム複合を比較するための参考になる。|CASE-071::この事例は、課題に近い公共性、運営、滞在、プログラム複合を比較するための参考になる。|CASE-117::この事例は、課題に近い公共性、運営、滞在、プログラム複合を比較するための参考になる。|CASE-133::この事例は、課題に近い公共性、運営、滞在、プログラム複合を比較するための参考になる。,"CASE-094::This case helps compare mixed programs, publicness, and operational ideas related to the issue.|CASE-050::This case helps compare mixed programs, publicness, and operational ideas related to the issue.|CASE-071::This case helps compare mixed programs, publicness, and operational ideas related to the issue.",https://kkaa.co.jp/en/project/takanawa-gateway-station/|https://www.mlit.go.jp/,published,2026-07-05
ISSUE-096,产业遗产转为文化公共资产,産業遺産を文化的公共資産へ,Design topic: industrial heritage转为culturepublic资产,旧发电站、仓库和工业设施如果只被拆除会丢失城市记忆，再利用可承接展览、教育和创意生产。,産業遺産・再利用・都市記憶・文化施設を手がかりに「産業遺産を文化的公共資産へ」を空間課題として捉える。産業遺産美術館、旧発电拠点文化ホールなどの用途と敷地タイプを結び、卒業設計の企画書へ進めるための入口にする。,"Use industrial heritage, reuse, Design topic: urban记忆, culturefacility to frame “Design topic: industrial heritage转为culturepublic资产” as a spatial thesis topic. Connect it with site types and programs such as industrial heritageart museum, Design topic: 旧发电站culture厅, then develop it toward a proposal brief.",产业遗产|再利用|城市记忆|文化设施,産業遺産|再利用|都市記憶|文化施設,industrial heritage|reuse|Design topic: urban记忆|culturefacility,SITE-009|SITE-006,产业遗产美术馆|旧发电站文化厅|仓库展览工坊,産業遺産美術館|旧発电拠点文化ホール|倉庫展示工房,industrial heritageart museum|Design topic: 旧发电站culture厅|Design topic: 仓库exhibitionworkshop,CASE-099|CASE-071|CASE-055|CASE-132,CASE-099::看旧发电站如何转为具有公共大厅的美术馆。|CASE-071::看港湾仓库如何转为展览和活动目的地。|CASE-055::看美术馆如何连接运河与港口景观。,CASE-099::この事例は、課題に近い公共性、運営、滞在、プログラム複合を比較するための参考になる。|CASE-071::この事例は、課題に近い公共性、運営、滞在、プログラム複合を比較するための参考になる。|CASE-055::この事例は、課題に近い公共性、運営、滞在、プログラム複合を比較するための参考になる。|CASE-132::この事例は、課題に近い公共性、運営、滞在、プログラム複合を比較するための参考になる。,"CASE-099::This case helps compare mixed programs, publicness, and operational ideas related to the issue.|CASE-071::This case helps compare mixed programs, publicness, and operational ideas related to the issue.|CASE-055::This case helps compare mixed programs, publicness, and operational ideas related to the issue.",https://www.herzogdemeuron.com/projects/126-tate-modern/|https://www.bunka.go.jp/,published,2026-07-05
ISSUE-097,新型图书馆与城市知识客厅,新しい図書館と都市の知識リビング,Design topic: 新型libraryandurban知识客厅,图书馆不再只是安静借书场所，可加入制作、活动、交流和城市阳台，成为不同年龄共享的知识客厅。,図書館・知識リビング・制作空間・公共活動を手がかりに「新しい図書館と都市の知識リビング」を空間課題として捉える。都市知識リビング、複合図書館などの用途と敷地タイプを結び、卒業設計の企画書へ進めるための入口にする。,"Use library, Design topic: 知识客厅, makingspace, public activities to frame “Design topic: 新型libraryandurban知识客厅” as a spatial thesis topic. Connect it with site types and programs such as Design topic: urban知识客厅, Design topic: 复合library, then develop it toward a proposal brief.",图书馆|知识客厅|制作空间|公共活动,図書館|知識リビング|制作空間|公共活動,library|Design topic: 知识客厅|makingspace|public activities,SITE-017|SITE-008,城市知识客厅|复合图书馆|公共学习中心,都市知識リビング|複合図書館|公共学習センター,Design topic: urban知识客厅|Design topic: 复合library|publiclearningcenter,CASE-092|CASE-098|CASE-095|CASE-104|CASE-105|CASE-101,CASE-092::看大型图书馆如何用交流空间承接开放文化活动。|CASE-098::看中央图书馆如何复合制作、活动和城市阳台。|CASE-095::看24小时学习图书馆如何支撑持续学习。,CASE-092::この事例は、課題に近い公共性、運営、滞在、プログラム複合を比較するための参考になる。|CASE-098::この事例は、課題に近い公共性、運営、滞在、プログラム複合を比較するための参考になる。|CASE-095::この事例は、課題に近い公共性、運営、滞在、プログラム複合を比較するための参考になる。|CASE-104::この事例は、課題に近い公共性、運営、滞在、プログラム複合を比較するための参考になる。|CASE-105::この事例は、課題に近い公共性、運営、滞在、プログラム複合を比較するための参考になる。|CASE-101::この事例は、課題に近い公共性、運営、滞在、プログラム複合を比較するための参考になる。,"CASE-092::This case helps compare mixed programs, publicness, and operational ideas related to the issue.|CASE-098::This case helps compare mixed programs, publicness, and operational ideas related to the issue.|CASE-095::This case helps compare mixed programs, publicness, and operational ideas related to the issue.",https://www.library.pref.ishikawa.lg.jp/category/aboutlibrary/2983.html|https://oodihelsinki.fi/en/what-is-oodi/architecture/,published,2026-07-05
ISSUE-098,灾后文化中心与城市治愈,災後文化センターと都市の癒やし,Design topic: post-disasterculturecenterandurban治愈,灾后城市需要的不只是纪念物，也需要剧场、学习、展览和日常活动来恢复居民之间的连接。,災後復興・文化センター・都市癒やし・公共活動を手がかりに「災後文化センターと都市の癒やし」を空間課題として捉える。災後文化センター、復興劇場ロビーなどの用途と敷地タイプを結び、卒業設計の企画書へ進めるための入口にする。,"Use Design topic: post-disaster复兴, culturecenter, Design topic: urban治愈, public activities to frame “Design topic: post-disasterculturecenterandurban治愈” as a spatial thesis topic. Connect it with site types and programs such as post-disasterculturecenter, Design topic: 复兴剧场大厅, then develop it toward a proposal brief.",灾后复兴|文化中心|城市治愈|公共活动,災後復興|文化センター|都市癒やし|公共活動,Design topic: post-disaster复兴|culturecenter|Design topic: urban治愈|public activities,SITE-010|SITE-009,灾后文化中心|复兴剧场大厅|记忆学习复合馆,災後文化センター|復興劇場ロビー|記憶学習複合館,post-disasterculturecenter|Design topic: 复兴剧场大厅|Design topic: 记忆learning复合馆,CASE-081|CASE-015|CASE-107|CASE-121|CASE-122,CASE-081::看复兴公共中心如何复合图书馆、育儿和市民活动。,CASE-081::この事例は、課題に近い公共性、運営、滞在、プログラム複合を比較するための参考になる。|CASE-015::この事例は、課題に近い公共性、運営、滞在、プログラム複合を比較するための参考になる。|CASE-107::この事例は、課題に近い公共性、運営、滞在、プログラム複合を比較するための参考になる。|CASE-121::この事例は、課題に近い公共性、運営、滞在、プログラム複合を比較するための参考になる。|CASE-122::この事例は、課題に近い公共性、運営、滞在、プログラム複合を比較するための参考になる。,"CASE-081::This case helps compare mixed programs, publicness, and operational ideas related to the issue.",https://www.architecturalrecord.com/articles/16177-sou-fujimotos-multifaceted-cultural-center-puts-a-japanese-town-on-the-road-to-recovery|https://www.bousai.go.jp/,published,2026-07-05
ISSUE-099,跨文化自然教育与庭院公共性,異文化自然教育と庭園の公共性,Design topic: 跨culturenatureeducationandcourtyardpublicness,跨文化交流不一定只靠展览文字，庭院、茶室、接待和自然教育可让不同背景的人通过体验建立理解。,多文化・自然教育・庭園・接待を手がかりに「異文化自然教育と庭園の公共性」を空間課題として捉える。多文化庭園館、自然教育文化村などの用途と敷地タイプを結び、卒業設計の企画書へ進めるための入口にする。,"Use Design topic: 跨culture, natureeducation, courtyard, Design topic: 接待 to frame “Design topic: 跨culturenatureeducationandcourtyardpublicness” as a spatial thesis topic. Connect it with site types and programs such as Design topic: 跨culturecourtyard馆, Design topic: natureeducationculture村, then develop it toward a proposal brief.",跨文化|自然教育|庭院|接待,多文化|自然教育|庭園|接待,Design topic: 跨culture|natureeducation|courtyard|Design topic: 接待,SITE-008|SITE-012,跨文化庭院馆|自然教育文化村|国际交流接待所,多文化庭園館|自然教育文化村|国際交流接待所,Design topic: 跨culturecourtyard馆|Design topic: natureeducationculture村|Design topic: 国际exchange接待所,CASE-100|CASE-096|CASE-043|CASE-123|CASE-124,CASE-100::看文化村如何用庭院和小建筑组织跨文化学习。|CASE-096::看族群文化中心如何建立身份记忆和公共活动。|CASE-043::看地方材料和大屋顶如何塑造入口型公共空间。,CASE-100::この事例は、課題に近い公共性、運営、滞在、プログラム複合を比較するための参考になる。|CASE-096::この事例は、課題に近い公共性、運営、滞在、プログラム複合を比較するための参考になる。|CASE-043::この事例は、課題に近い公共性、運営、滞在、プログラム複合を比較するための参考になる。|CASE-123::この事例は、課題に近い公共性、運営、滞在、プログラム複合を比較するための参考になる。|CASE-124::この事例は、課題に近い公共性、運営、滞在、プログラム複合を比較するための参考になる。,"CASE-100::This case helps compare mixed programs, publicness, and operational ideas related to the issue.|CASE-096::This case helps compare mixed programs, publicness, and operational ideas related to the issue.|CASE-043::This case helps compare mixed programs, publicness, and operational ideas related to the issue.",https://kkaa.co.jp/en/project/portland-japanese-garden-cultural-village/|https://www.mofa.go.jp/,published,2026-07-05
ISSUE-100,公共设施入口的城市开放性,公共施設入口の都市的開放性,Design topic: publicfacilityentryurbanopen性,许多公共设施入口只承担进出和安检，若转为可停留的大厅、坡道、阳台和广场，能提升日常公共性。,公共施設・入口・開放性・都市リビングを手がかりに「公共施設入口の都市的開放性」を空間課題として捉える。公共入口リビング、都市テラスロビーなどの用途と敷地タイプを結び、卒業設計の企画書へ進めるための入口にする。,"Use publicfacility, entry, Design topic: open性, Design topic: urban客厅 to frame “Design topic: publicfacilityentryurbanopen性” as a spatial thesis topic. Connect it with site types and programs such as Design topic: publicentry客厅, Design topic: urban阳台大厅, then develop it toward a proposal brief.",公共设施|入口|开放性|城市客厅,公共施設|入口|開放性|都市リビング,publicfacility|entry|Design topic: open性|Design topic: urban客厅,SITE-004|SITE-008,公共入口客厅|城市阳台大厅|开放坡道中心,公共入口リビング|都市テラスロビー|開放スロープセンター,Design topic: publicentry客厅|Design topic: urban阳台大厅|Design topic: open坡道center,CASE-094|CASE-092|CASE-101|CASE-105|CASE-117,CASE-094::看车站大屋顶如何建立城市入口。|CASE-092::看图书馆如何用阶梯和交流空间打开公共性。,CASE-094::この事例は、課題に近い公共性、運営、滞在、プログラム複合を比較するための参考になる。|CASE-092::この事例は、課題に近い公共性、運営、滞在、プログラム複合を比較するための参考になる。|CASE-101::この事例は、課題に近い公共性、運営、滞在、プログラム複合を比較するための参考になる。|CASE-105::この事例は、課題に近い公共性、運営、滞在、プログラム複合を比較するための参考になる。|CASE-117::この事例は、課題に近い公共性、運営、滞在、プログラム複合を比較するための参考になる。,"CASE-094::This case helps compare mixed programs, publicness, and operational ideas related to the issue.|CASE-092::This case helps compare mixed programs, publicness, and operational ideas related to the issue.",https://kkaa.co.jp/en/project/takanawa-gateway-station/|https://www.mlit.go.jp/,published,2026-07-05
